,file_list,flags,temporal_coordinates,spatial_coordinates,metadata
0,['SNAP-133102-0007.jpg'],0,[],"[3.0, 1092, 287, 0.0]",{}
1,['SNAP-133137-0009.jpg'],0,[],"[3.0, 857, 567, 0.0]",{}
2,['SNAP-133150-0010.jpg'],0,[],"[3.0, 954, 403, 0.0]",{}
3,['SNAP-133150-0010.jpg'],0,[],"[3.0, 124, 929, 0.0]",{}
4,['SNAP-133150-0010.jpg'],0,[],"[3.0, 861, 136, 0.0]",{}
5,['SNAP-133206-0012.jpg'],0,[],"[3.0, 1223, 621, 0.0]",{}
6,['SNAP-133206-0012.jpg'],0,[],"[3.0, 398, 537, 0.0]",{}
7,['SNAP-133219-0013.jpg'],0,[],"[3.0, 922, 719, 0.0]",{}
8,['SNAP-133219-0013.jpg'],0,[],"[3.0, 1062, 683, 0.0]",{}
9,['SNAP-133219-0013.jpg'],0,[],"[3.0, 1038, 124, 0.0]",{}
10,['SNAP-133219-0013.jpg'],0,[],"[3.0, 1023, 200, 0.0]",{}
11,['SNAP-133219-0013.jpg'],0,[],"[3.0, 72, 686, 0.0]",{}
12,['SNAP-133228-0014.jpg'],0,[],"[3.0, 645, 565, 0.0]",{}
13,['SNAP-133228-0014.jpg'],0,[],"[3.0, 786, 299, 0.0]",{}
14,['SNAP-133228-0014.jpg'],0,[],"[3.0, 596, 586, 0.0]",{}
15,['SNAP-133228-0014.jpg'],0,[],"[3.0, 821, 121, 0.0]",{}
16,['SNAP-133228-0014.jpg'],0,[],"[3.0, 1058, 370, 0.0]",{}
17,['SNAP-133239-0015.jpg'],0,[],"[3.0, 972, 265, 0.0]",{}
18,['SNAP-133239-0015.jpg'],0,[],"[3.0, 804, 910, 0.0]",{}
19,['SNAP-133239-0015.jpg'],0,[],"[3.0, 277, 693, 0.0]",{}
20,['SNAP-133239-0015.jpg'],0,[],"[3.0, 788, 69, 0.0]",{}
21,['SNAP-133251-0016.jpg'],0,[],"[3.0, 802, 710, 0.0]",{}
22,['SNAP-133251-0016.jpg'],0,[],"[3.0, 757, 302, 0.0]",{}
23,['SNAP-133251-0016.jpg'],0,[],"[3.0, 166, 669, 0.0]",{}
24,['SNAP-133301-0017.jpg'],0,[],"[3.0, 980, 557, 0.0]",{}
25,['SNAP-133301-0017.jpg'],0,[],"[3.0, 905, 734, 0.0]",{}
26,['SNAP-133301-0017.jpg'],0,[],"[3.0, 756, 463, 0.0]",{}
27,['SNAP-133313-0018.jpg'],0,[],"[3.0, 848, 112, 0.0]",{}
28,['SNAP-133313-0018.jpg'],0,[],"[3.0, 1211, 787, 0.0]",{}
29,['SNAP-133313-0018.jpg'],0,[],"[3.0, 497, 496, 0.0]",{}
30,['SNAP-133324-0019.jpg'],0,[],"[3.0, 1000, 452, 0.0]",{}
31,['SNAP-133324-0019.jpg'],0,[],"[3.0, 468, 913, 0.0]",{}
32,['SNAP-133324-0019.jpg'],0,[],"[3.0, 90, 642, 0.0]",{}
33,['SNAP-133324-0019.jpg'],0,[],"[3.0, 691, 575, 0.0]",{}
34,['SNAP-133324-0019.jpg'],0,[],"[3.0, 1156, 156, 0.0]",{}
35,['SNAP-133343-0020.jpg'],0,[],"[3.0, 685, 329, 0.0]",{}
36,['SNAP-133343-0020.jpg'],0,[],"[3.0, 564, 679, 0.0]",{}
37,['SNAP-133343-0020.jpg'],0,[],"[3.0, 827, 446, 0.0]",{}
38,['SNAP-133343-0020.jpg'],0,[],"[3.0, 1107, 81, 0.0]",{}
39,['SNAP-133355-0021.jpg'],0,[],"[3.0, 844, 477, 0.0]",{}
40,['SNAP-133355-0021.jpg'],0,[],"[3.0, 844, 394, 0.0]",{}
41,['SNAP-133447-0022.jpg'],0,[],"[3.0, 400, 816, 0.0]",{}
42,['SNAP-133447-0022.jpg'],0,[],"[3.0, 1014, 356, 0.0]",{}
43,['SNAP-133447-0022.jpg'],0,[],"[3.0, 947, 820, 0.0]",{}
44,['SNAP-133459-0023.jpg'],0,[],"[3.0, 863, 759, 0.0]",{}
45,['SNAP-133522-0024.jpg'],0,[],"[3.0, 855, 845, 0.0]",{}
46,['SNAP-133522-0024.jpg'],0,[],"[3.0, 1207, 757, 0.0]",{}
47,['SNAP-133522-0024.jpg'],0,[],"[3.0, 1033, 811, 0.0]",{}
48,['SNAP-133522-0024.jpg'],0,[],"[3.0, 73, 841, 0.0]",{}
49,['SNAP-133522-0024.jpg'],0,[],"[3.0, 820, 907, 0.0]",{}
50,['SNAP-133522-0024.jpg'],0,[],"[3.0, 932, 321, 0.0]",{}
51,['SNAP-133533-0025.jpg'],0,[],"[3.0, 1070, 226, 0.0]",{}
52,['SNAP-133533-0025.jpg'],0,[],"[3.0, 403, 168, 0.0]",{}
53,['SNAP-133549-0026.jpg'],0,[],"[3.0, 1065, 455, 0.0]",{}
54,['SNAP-133602-0027.jpg'],0,[],"[3.0, 1011, 277, 0.0]",{}
55,['SNAP-133602-0027.jpg'],0,[],"[3.0, 378, 430, 0.0]",{}
56,['SNAP-133602-0027.jpg'],0,[],"[3.0, 86, 633, 0.0]",{}
57,['SNAP-133602-0027.jpg'],0,[],"[3.0, 486, 675, 0.0]",{}
58,['SNAP-133613-0028.jpg'],0,[],"[3.0, 416, 660, 0.0]",{}
59,['SNAP-133613-0028.jpg'],0,[],"[3.0, 555, 422, 0.0]",{}
60,['SNAP-133613-0028.jpg'],0,[],"[3.0, 324, 447, 0.0]",{}
61,['SNAP-133626-0029.jpg'],0,[],"[3.0, 1224, 871, 0.0]",{}
62,['SNAP-133626-0029.jpg'],0,[],"[3.0, 123, 817, 0.0]",{}
63,['SNAP-133626-0029.jpg'],0,[],"[3.0, 1214, 345, 0.0]",{}
64,['SNAP-133626-0029.jpg'],0,[],"[3.0, 1006, 820, 0.0]",{}
65,['SNAP-133626-0029.jpg'],0,[],"[3.0, 268, 745, 0.0]",{}
66,['SNAP-133626-0029.jpg'],0,[],"[3.0, 368, 948, 0.0]",{}
67,['SNAP-133626-0029.jpg'],0,[],"[3.0, 781, 231, 0.0]",{}
68,['SNAP-133626-0029.jpg'],0,[],"[3.0, 435, 183, 0.0]",{}
69,['SNAP-133626-0029.jpg'],0,[],"[3.0, 759, 859, 0.0]",{}
70,['SNAP-133637-0030.jpg'],0,[],"[3.0, 1064, 451, 0.0]",{}
71,['SNAP-133637-0030.jpg'],0,[],"[3.0, 920, 335, 0.0]",{}
72,['SNAP-133657-0031.jpg'],0,[],"[3.0, 1000, 215, 0.0]",{}
73,['SNAP-133657-0031.jpg'],0,[],"[3.0, 854, 677, 0.0]",{}
74,['SNAP-133716-0032.jpg'],0,[],"[3.0, 480, 844, 0.0]",{}
75,['SNAP-133716-0032.jpg'],0,[],"[3.0, 602, 764, 0.0]",{}
76,['SNAP-133732-0033.jpg'],0,[],"[3.0, 920, 701, 0.0]",{}
77,['SNAP-133732-0033.jpg'],0,[],"[3.0, 1056, 431, 0.0]",{}
78,['SNAP-133732-0033.jpg'],0,[],"[3.0, 651, 189, 0.0]",{}
79,['SNAP-133748-0034.jpg'],0,[],"[3.0, 601, 730, 0.0]",{}
80,['SNAP-133757-0035.jpg'],0,[],"[3.0, 976, 501, 0.0]",{}
81,['SNAP-133816-0036.jpg'],0,[],"[3.0, 205, 617, 0.0]",{}
82,['SNAP-133816-0036.jpg'],0,[],"[3.0, 961, 185, 0.0]",{}
83,['SNAP-133816-0036.jpg'],0,[],"[3.0, 202, 707, 0.0]",{}
84,['SNAP-133826-0037.jpg'],0,[],"[3.0, 837, 797, 0.0]",{}
85,['SNAP-133826-0037.jpg'],0,[],"[3.0, 316, 796, 0.0]",{}
86,['SNAP-133826-0037.jpg'],0,[],"[3.0, 975, 646, 0.0]",{}
87,['SNAP-133837-0038.jpg'],0,[],"[3.0, 709, 332, 0.0]",{}
88,['SNAP-133837-0038.jpg'],0,[],"[3.0, 566, 601, 0.0]",{}
89,['SNAP-133837-0038.jpg'],0,[],"[3.0, 896, 433, 0.0]",{}
90,['SNAP-133855-0039.jpg'],0,[],"[3.0, 347, 427, 0.0]",{}
91,['SNAP-133855-0039.jpg'],0,[],"[3.0, 688, 608, 0.0]",{}
92,['SNAP-133855-0039.jpg'],0,[],"[3.0, 231, 443, 0.0]",{}
93,['SNAP-133855-0039.jpg'],0,[],"[3.0, 532, 874, 0.0]",{}
94,['SNAP-133855-0039.jpg'],0,[],"[3.0, 362, 917, 0.0]",{}
95,['SNAP-133907-0040.jpg'],0,[],"[3.0, 259, 435, 0.0]",{}
96,['SNAP-133907-0040.jpg'],0,[],"[3.0, 431, 564, 0.0]",{}
97,['SNAP-133907-0040.jpg'],0,[],"[3.0, 796, 682, 0.0]",{}
98,['SNAP-133907-0040.jpg'],0,[],"[3.0, 978, 794, 0.0]",{}
99,['SNAP-134242-0041.jpg'],0,[],"[3.0, 624, 293, 0.0]",{}
100,['SNAP-134242-0041.jpg'],0,[],"[3.0, 683, 254, 0.0]",{}
101,['SNAP-134242-0041.jpg'],0,[],"[3.0, 1229, 428, 0.0]",{}
102,['SNAP-134257-0042.jpg'],0,[],"[3.0, 1202, 282, 0.0]",{}
103,['SNAP-134257-0042.jpg'],0,[],"[3.0, 745, 571, 0.0]",{}
104,['SNAP-134257-0042.jpg'],0,[],"[3.0, 1001, 263, 0.0]",{}
105,['SNAP-134354-0043.jpg'],0,[],"[3.0, 412, 378, 0.0]",{}
106,['SNAP-134354-0043.jpg'],0,[],"[3.0, 572, 784, 0.0]",{}
107,['SNAP-134354-0043.jpg'],0,[],"[3.0, 436, 77, 0.0]",{}
108,['SNAP-134354-0043.jpg'],0,[],"[3.0, 441, 789, 0.0]",{}
109,['SNAP-134354-0043.jpg'],0,[],"[3.0, 198, 863, 0.0]",{}
110,['SNAP-134354-0043.jpg'],0,[],"[3.0, 885, 708, 0.0]",{}
111,['SNAP-134354-0043.jpg'],0,[],"[3.0, 1201, 679, 0.0]",{}
112,['SNAP-134410-0044.jpg'],0,[],"[3.0, 166, 426, 0.0]",{}
113,['SNAP-134410-0044.jpg'],0,[],"[3.0, 1020, 401, 0.0]",{}
114,['SNAP-134425-0045.jpg'],0,[],"[3.0, 527, 929, 0.0]",{}
115,['SNAP-134425-0045.jpg'],0,[],"[3.0, 751, 138, 0.0]",{}
116,['SNAP-134425-0045.jpg'],0,[],"[3.0, 896, 181, 0.0]",{}
117,['SNAP-134436-0046.jpg'],0,[],"[3.0, 420, 570, 0.0]",{}
118,['SNAP-134436-0046.jpg'],0,[],"[3.0, 207, 730, 0.0]",{}
119,['SNAP-134452-0047.jpg'],0,[],"[3.0, 1182, 705, 0.0]",{}
120,['SNAP-134452-0047.jpg'],0,[],"[3.0, 793, 218, 0.0]",{}
121,['SNAP-134452-0047.jpg'],0,[],"[3.0, 1081, 647, 0.0]",{}
122,['SNAP-134452-0047.jpg'],0,[],"[3.0, 413, 115, 0.0]",{}
123,['SNAP-134504-0048.jpg'],0,[],"[3.0, 559, 665, 0.0]",{}
124,['SNAP-134531-0049.jpg'],0,[],"[3.0, 1228, 527, 0.0]",{}
125,['SNAP-134531-0049.jpg'],0,[],"[3.0, 575, 389, 0.0]",{}
126,['SNAP-134543-0050.jpg'],0,[],"[3.0, 781, 638, 0.0]",{}
127,['SNAP-134543-0050.jpg'],0,[],"[3.0, 963, 422, 0.0]",{}
128,['SNAP-134543-0050.jpg'],0,[],"[3.0, 951, 760, 0.0]",{}
129,['SNAP-134555-0051.jpg'],0,[],"[3.0, 672, 577, 0.0]",{}
130,['SNAP-134555-0051.jpg'],0,[],"[3.0, 176, 682, 0.0]",{}
131,['SNAP-134555-0051.jpg'],0,[],"[3.0, 561, 569, 0.0]",{}
132,['SNAP-134605-0052.jpg'],0,[],"[3.0, 381, 678, 0.0]",{}
133,['SNAP-134605-0052.jpg'],0,[],"[3.0, 560, 134, 0.0]",{}
134,['SNAP-134605-0052.jpg'],0,[],"[3.0, 451, 440, 0.0]",{}
135,['SNAP-134631-0053.jpg'],0,[],"[3.0, 1146, 315, 0.0]",{}
136,['SNAP-134631-0053.jpg'],0,[],"[3.0, 756, 466, 0.0]",{}
137,['SNAP-134652-0054.jpg'],0,[],"[3.0, 385, 580, 0.0]",{}
138,['SNAP-134652-0054.jpg'],0,[],"[3.0, 76, 412, 0.0]",{}
139,['SNAP-134652-0054.jpg'],0,[],"[3.0, 1040, 389, 0.0]",{}
140,['SNAP-134704-0055.jpg'],0,[],"[3.0, 778, 355, 0.0]",{}
141,['SNAP-134704-0055.jpg'],0,[],"[3.0, 963, 948, 0.0]",{}
142,['SNAP-134704-0055.jpg'],0,[],"[3.0, 501, 290, 0.0]",{}
143,['SNAP-134704-0055.jpg'],0,[],"[3.0, 1215, 68, 0.0]",{}
144,['SNAP-134732-0056.jpg'],0,[],"[3.0, 545, 773, 0.0]",{}
145,['SNAP-134732-0056.jpg'],0,[],"[3.0, 104, 862, 0.0]",{}
146,['SNAP-134732-0056.jpg'],0,[],"[3.0, 723, 333, 0.0]",{}
147,['SNAP-134732-0056.jpg'],0,[],"[3.0, 861, 950, 0.0]",{}
148,['SNAP-134732-0056.jpg'],0,[],"[3.0, 952, 900, 0.0]",{}
149,['SNAP-134732-0056.jpg'],0,[],"[3.0, 296, 607, 0.0]",{}
150,['SNAP-134750-0057.jpg'],0,[],"[3.0, 1004, 123, 0.0]",{}
151,['SNAP-134750-0057.jpg'],0,[],"[3.0, 635, 101, 0.0]",{}
152,['SNAP-134750-0057.jpg'],0,[],"[3.0, 1079, 512, 0.0]",{}
153,['SNAP-134811-0058.jpg'],0,[],"[3.0, 974, 534, 0.0]",{}
154,['SNAP-134811-0058.jpg'],0,[],"[3.0, 1065, 431, 0.0]",{}
155,['SNAP-134824-0059.jpg'],0,[],"[3.0, 406, 747, 0.0]",{}
156,['SNAP-134824-0059.jpg'],0,[],"[3.0, 236, 635, 0.0]",{}
157,['SNAP-134824-0059.jpg'],0,[],"[3.0, 538, 822, 0.0]",{}
158,['SNAP-134824-0059.jpg'],0,[],"[3.0, 1121, 849, 0.0]",{}
159,['SNAP-134824-0059.jpg'],0,[],"[3.0, 962, 663, 0.0]",{}
160,['SNAP-134824-0059.jpg'],0,[],"[3.0, 311, 602, 0.0]",{}
161,['SNAP-134839-0060.jpg'],0,[],"[3.0, 555, 706, 0.0]",{}
162,['SNAP-134839-0060.jpg'],0,[],"[3.0, 196, 640, 0.0]",{}
163,['SNAP-134839-0060.jpg'],0,[],"[3.0, 1206, 461, 0.0]",{}
164,['SNAP-134916-0061.jpg'],0,[],"[3.0, 857, 368, 0.0]",{}
165,['SNAP-134916-0061.jpg'],0,[],"[3.0, 881, 742, 0.0]",{}
166,['SNAP-134916-0061.jpg'],0,[],"[3.0, 778, 694, 0.0]",{}
167,['SNAP-134939-0062.jpg'],0,[],"[3.0, 537, 118, 0.0]",{}
168,['SNAP-134939-0062.jpg'],0,[],"[3.0, 777, 579, 0.0]",{}
169,['SNAP-134939-0062.jpg'],0,[],"[3.0, 621, 152, 0.0]",{}
170,['SNAP-134939-0062.jpg'],0,[],"[3.0, 405, 779, 0.0]",{}
171,['SNAP-134939-0062.jpg'],0,[],"[3.0, 321, 961, 0.0]",{}
172,['SNAP-134939-0062.jpg'],0,[],"[3.0, 1179, 294, 0.0]",{}
173,['SNAP-134947-0063.jpg'],0,[],"[3.0, 494, 392, 0.0]",{}
174,['SNAP-134947-0063.jpg'],0,[],"[3.0, 586, 704, 0.0]",{}
175,['SNAP-134947-0063.jpg'],0,[],"[3.0, 858, 832, 0.0]",{}
176,['SNAP-134947-0063.jpg'],0,[],"[3.0, 1107, 801, 0.0]",{}
177,['SNAP-135032-0064.jpg'],0,[],"[3.0, 592, 225, 0.0]",{}
178,['SNAP-135032-0064.jpg'],0,[],"[3.0, 1205, 149, 0.0]",{}
179,['SNAP-140308-0071.jpg'],0,[],"[3.0, 451, 715, 0.0]",{}
180,['SNAP-140308-0071.jpg'],0,[],"[3.0, 495, 914, 0.0]",{}
181,['SNAP-140332-0072.jpg'],0,[],"[3.0, 622, 363, 0.0]",{}
182,['SNAP-140332-0072.jpg'],0,[],"[3.0, 118, 709, 0.0]",{}
183,['SNAP-140332-0072.jpg'],0,[],"[3.0, 1174, 109, 0.0]",{}
184,['SNAP-140332-0072.jpg'],0,[],"[3.0, 420, 699, 0.0]",{}
185,['SNAP-140346-0073.jpg'],0,[],"[3.0, 677, 108, 0.0]",{}
186,['SNAP-140346-0073.jpg'],0,[],"[3.0, 591, 231, 0.0]",{}
187,['SNAP-140346-0073.jpg'],0,[],"[3.0, 1030, 191, 0.0]",{}
188,['SNAP-140406-0074.jpg'],0,[],"[3.0, 460, 101, 0.0]",{}
189,['SNAP-140406-0074.jpg'],0,[],"[3.0, 883, 555, 0.0]",{}
190,['SNAP-140406-0074.jpg'],0,[],"[3.0, 683, 144, 0.0]",{}
191,['SNAP-140406-0074.jpg'],0,[],"[3.0, 911, 782, 0.0]",{}
192,['SNAP-140423-0075.jpg'],0,[],"[3.0, 554, 155, 0.0]",{}
193,['SNAP-140423-0075.jpg'],0,[],"[3.0, 1009, 774, 0.0]",{}
194,['SNAP-140435-0076.jpg'],0,[],"[3.0, 1087, 555, 0.0]",{}
195,['SNAP-140435-0076.jpg'],0,[],"[3.0, 769, 238, 0.0]",{}
196,['SNAP-140435-0076.jpg'],0,[],"[3.0, 1226, 118, 0.0]",{}
197,['SNAP-140435-0076.jpg'],0,[],"[3.0, 933, 522, 0.0]",{}
198,['SNAP-140450-0077.jpg'],0,[],"[3.0, 912, 588, 0.0]",{}
199,['SNAP-140450-0077.jpg'],0,[],"[3.0, 1072, 838, 0.0]",{}
200,['SNAP-140450-0077.jpg'],0,[],"[3.0, 1086, 811, 0.0]",{}
201,['SNAP-140450-0077.jpg'],0,[],"[3.0, 975, 733, 0.0]",{}
202,['SNAP-140450-0077.jpg'],0,[],"[3.0, 1019, 631, 0.0]",{}
203,['SNAP-140500-0078.jpg'],0,[],"[3.0, 620, 820, 0.0]",{}
204,['SNAP-140500-0078.jpg'],0,[],"[3.0, 773, 828, 0.0]",{}
205,['SNAP-140500-0078.jpg'],0,[],"[3.0, 894, 554, 0.0]",{}
206,['SNAP-140512-0079.jpg'],0,[],"[3.0, 672, 136, 0.0]",{}
207,['SNAP-140512-0079.jpg'],0,[],"[3.0, 983, 326, 0.0]",{}
208,['SNAP-140534-0080.jpg'],0,[],"[3.0, 911, 274, 0.0]",{}
209,['SNAP-140534-0080.jpg'],0,[],"[3.0, 115, 609, 0.0]",{}
210,['SNAP-140534-0080.jpg'],0,[],"[3.0, 228, 738, 0.0]",{}
211,['SNAP-140534-0080.jpg'],0,[],"[3.0, 1183, 190, 0.0]",{}
212,['SNAP-140534-0080.jpg'],0,[],"[3.0, 188, 462, 0.0]",{}
213,['SNAP-140545-0081.jpg'],0,[],"[3.0, 1102, 65, 0.0]",{}
214,['SNAP-140559-0082.jpg'],0,[],"[3.0, 336, 674, 0.0]",{}
215,['SNAP-140559-0082.jpg'],0,[],"[3.0, 861, 857, 0.0]",{}
216,['SNAP-140559-0082.jpg'],0,[],"[3.0, 355, 795, 0.0]",{}
217,['SNAP-140616-0083.jpg'],0,[],"[3.0, 492, 399, 0.0]",{}
218,['SNAP-140616-0083.jpg'],0,[],"[3.0, 718, 97, 0.0]",{}
219,['SNAP-140640-0084.jpg'],0,[],"[3.0, 373, 952, 0.0]",{}
220,['SNAP-140655-0085.jpg'],0,[],"[3.0, 1153, 435, 0.0]",{}
221,['SNAP-140710-0086.jpg'],0,[],"[3.0, 740, 673, 0.0]",{}
222,['SNAP-140710-0086.jpg'],0,[],"[3.0, 513, 179, 0.0]",{}
223,['SNAP-140710-0086.jpg'],0,[],"[3.0, 975, 755, 0.0]",{}
224,['SNAP-140710-0086.jpg'],0,[],"[3.0, 683, 619, 0.0]",{}
225,['SNAP-140718-0087.jpg'],0,[],"[3.0, 1143, 503, 0.0]",{}
226,['SNAP-140718-0087.jpg'],0,[],"[3.0, 80, 528, 0.0]",{}
227,['SNAP-140731-0088.jpg'],0,[],"[3.0, 289, 585, 0.0]",{}
228,['SNAP-140731-0088.jpg'],0,[],"[3.0, 755, 253, 0.0]",{}
229,['SNAP-140731-0088.jpg'],0,[],"[3.0, 807, 503, 0.0]",{}
230,['SNAP-140731-0088.jpg'],0,[],"[3.0, 237, 920, 0.0]",{}
231,['SNAP-140731-0088.jpg'],0,[],"[3.0, 897, 445, 0.0]",{}
232,['SNAP-140743-0089.jpg'],0,[],"[3.0, 424, 554, 0.0]",{}
233,['SNAP-140743-0089.jpg'],0,[],"[3.0, 843, 906, 0.0]",{}
234,['SNAP-140743-0089.jpg'],0,[],"[3.0, 876, 287, 0.0]",{}
235,['SNAP-140752-0090.jpg'],0,[],"[3.0, 73, 707, 0.0]",{}
236,['SNAP-140752-0090.jpg'],0,[],"[3.0, 812, 155, 0.0]",{}
237,['SNAP-140752-0090.jpg'],0,[],"[3.0, 830, 142, 0.0]",{}
238,['SNAP-140752-0090.jpg'],0,[],"[3.0, 676, 545, 0.0]",{}
239,['SNAP-140752-0090.jpg'],0,[],"[3.0, 972, 228, 0.0]",{}
240,['SNAP-140752-0090.jpg'],0,[],"[3.0, 942, 942, 0.0]",{}
241,['SNAP-140809-0091.jpg'],0,[],"[3.0, 353, 702, 0.0]",{}
242,['SNAP-140809-0091.jpg'],0,[],"[3.0, 839, 218, 0.0]",{}
243,['SNAP-140809-0091.jpg'],0,[],"[3.0, 224, 855, 0.0]",{}
244,['SNAP-140809-0091.jpg'],0,[],"[3.0, 830, 949, 0.0]",{}
245,['SNAP-140820-0092.jpg'],0,[],"[3.0, 408, 393, 0.0]",{}
246,['SNAP-140820-0092.jpg'],0,[],"[3.0, 790, 778, 0.0]",{}
247,['SNAP-140820-0092.jpg'],0,[],"[3.0, 1060, 650, 0.0]",{}
248,['SNAP-140820-0092.jpg'],0,[],"[3.0, 658, 483, 0.0]",{}
249,['SNAP-140830-0093.jpg'],0,[],"[3.0, 934, 815, 0.0]",{}
250,['SNAP-140830-0093.jpg'],0,[],"[3.0, 1202, 595, 0.0]",{}
251,['SNAP-140830-0093.jpg'],0,[],"[3.0, 156, 876, 0.0]",{}
252,['SNAP-140849-0094.jpg'],0,[],"[3.0, 1201, 178, 0.0]",{}
253,['SNAP-140849-0094.jpg'],0,[],"[3.0, 78, 522, 0.0]",{}
254,['SNAP-140911-0095.jpg'],0,[],"[3.0, 1161, 229, 0.0]",{}
255,['SNAP-140911-0095.jpg'],0,[],"[3.0, 1225, 443, 0.0]",{}
256,['SNAP-140928-0096.jpg'],0,[],"[3.0, 136, 722, 0.0]",{}
257,['SNAP-140928-0096.jpg'],0,[],"[3.0, 905, 686, 0.0]",{}
258,['SNAP-140948-0097.jpg'],0,[],"[3.0, 531, 683, 0.0]",{}
259,['SNAP-140948-0097.jpg'],0,[],"[3.0, 809, 680, 0.0]",{}
260,['SNAP-141001-0098.jpg'],0,[],"[3.0, 1096, 814, 0.0]",{}
261,['SNAP-141001-0098.jpg'],0,[],"[3.0, 1089, 624, 0.0]",{}
262,['SNAP-141001-0098.jpg'],0,[],"[3.0, 693, 331, 0.0]",{}
263,['SNAP-141001-0098.jpg'],0,[],"[3.0, 961, 953, 0.0]",{}
264,['SNAP-141001-0098.jpg'],0,[],"[3.0, 629, 664, 0.0]",{}
265,['SNAP-141011-0099.jpg'],0,[],"[3.0, 971, 461, 0.0]",{}
266,['SNAP-141032-0100.jpg'],0,[],"[3.0, 638, 441, 0.0]",{}
267,['SNAP-141032-0100.jpg'],0,[],"[3.0, 575, 570, 0.0]",{}
268,['SNAP-141046-0101.jpg'],0,[],"[3.0, 1193, 752, 0.0]",{}
269,['SNAP-141046-0101.jpg'],0,[],"[3.0, 475, 300, 0.0]",{}
270,['SNAP-141046-0101.jpg'],0,[],"[3.0, 501, 184, 0.0]",{}
271,['SNAP-141059-0102.jpg'],0,[],"[3.0, 617, 182, 0.0]",{}
272,['SNAP-141120-0103.jpg'],0,[],"[3.0, 745, 264, 0.0]",{}
273,['SNAP-141120-0103.jpg'],0,[],"[3.0, 594, 172, 0.0]",{}
274,['SNAP-141131-0104.jpg'],0,[],"[3.0, 417, 569, 0.0]",{}
275,['SNAP-141131-0104.jpg'],0,[],"[3.0, 800, 450, 0.0]",{}
276,['SNAP-141148-0105.jpg'],0,[],"[3.0, 813, 613, 0.0]",{}
277,['SNAP-141158-0106.jpg'],0,[],"[3.0, 908, 783, 0.0]",{}
278,['SNAP-141158-0106.jpg'],0,[],"[3.0, 623, 871, 0.0]",{}
279,['SNAP-141158-0106.jpg'],0,[],"[3.0, 865, 303, 0.0]",{}
280,['SNAP-141158-0106.jpg'],0,[],"[3.0, 1078, 202, 0.0]",{}
281,['SNAP-141158-0106.jpg'],0,[],"[3.0, 1104, 128, 0.0]",{}
282,['SNAP-141158-0106.jpg'],0,[],"[3.0, 572, 862, 0.0]",{}
283,['SNAP-141158-0106.jpg'],0,[],"[3.0, 193, 429, 0.0]",{}
284,['SNAP-141158-0106.jpg'],0,[],"[3.0, 1005, 717, 0.0]",{}
285,['SNAP-141219-0107.jpg'],0,[],"[3.0, 585, 834, 0.0]",{}
286,['SNAP-141219-0107.jpg'],0,[],"[3.0, 380, 747, 0.0]",{}
287,['SNAP-141219-0107.jpg'],0,[],"[3.0, 984, 902, 0.0]",{}
288,['SNAP-141219-0107.jpg'],0,[],"[3.0, 502, 523, 0.0]",{}
289,['SNAP-141219-0107.jpg'],0,[],"[3.0, 715, 165, 0.0]",{}
290,['SNAP-141235-0108.jpg'],0,[],"[3.0, 1156, 84, 0.0]",{}
291,['SNAP-141235-0108.jpg'],0,[],"[3.0, 408, 95, 0.0]",{}
292,['SNAP-141249-0109.jpg'],0,[],"[3.0, 742, 158, 0.0]",{}
293,['SNAP-141304-0110.jpg'],0,[],"[3.0, 648, 574, 0.0]",{}
294,['SNAP-141304-0110.jpg'],0,[],"[3.0, 1128, 796, 0.0]",{}
295,['SNAP-141321-0111.jpg'],0,[],"[3.0, 1139, 209, 0.0]",{}
296,['SNAP-141321-0111.jpg'],0,[],"[3.0, 858, 160, 0.0]",{}
297,['SNAP-141330-0112.jpg'],0,[],"[3.0, 728, 228, 0.0]",{}
298,['SNAP-141330-0112.jpg'],0,[],"[3.0, 1129, 725, 0.0]",{}
299,['SNAP-141349-0113.jpg'],0,[],"[3.0, 174, 765, 0.0]",{}
300,['SNAP-141349-0113.jpg'],0,[],"[3.0, 207, 786, 0.0]",{}
301,['SNAP-141349-0113.jpg'],0,[],"[3.0, 780, 441, 0.0]",{}
302,['SNAP-141414-0114.jpg'],0,[],"[3.0, 316, 642, 0.0]",{}
303,['SNAP-141414-0114.jpg'],0,[],"[3.0, 862, 890, 0.0]",{}
304,['SNAP-141414-0114.jpg'],0,[],"[3.0, 734, 407, 0.0]",{}
305,['SNAP-141414-0114.jpg'],0,[],"[3.0, 116, 648, 0.0]",{}
306,['SNAP-141414-0114.jpg'],0,[],"[3.0, 652, 702, 0.0]",{}
307,['SNAP-141414-0114.jpg'],0,[],"[3.0, 557, 593, 0.0]",{}
308,['SNAP-141414-0114.jpg'],0,[],"[3.0, 402, 67, 0.0]",{}
309,['SNAP-141428-0115.jpg'],0,[],"[3.0, 1231, 655, 0.0]",{}
310,['SNAP-141428-0115.jpg'],0,[],"[3.0, 930, 613, 0.0]",{}
311,['SNAP-141451-0116.jpg'],0,[],"[3.0, 865, 146, 0.0]",{}
312,['SNAP-141451-0116.jpg'],0,[],"[3.0, 526, 379, 0.0]",{}
313,['SNAP-141451-0116.jpg'],0,[],"[3.0, 116, 471, 0.0]",{}
314,['SNAP-141451-0116.jpg'],0,[],"[3.0, 848, 818, 0.0]",{}
315,['SNAP-141451-0116.jpg'],0,[],"[3.0, 597, 572, 0.0]",{}
316,['SNAP-141504-0117.jpg'],0,[],"[3.0, 929, 894, 0.0]",{}
317,['SNAP-141504-0117.jpg'],0,[],"[3.0, 734, 818, 0.0]",{}
318,['SNAP-141504-0117.jpg'],0,[],"[3.0, 1176, 882, 0.0]",{}
319,['SNAP-141520-0118.jpg'],0,[],"[3.0, 913, 75, 0.0]",{}
320,['SNAP-141520-0118.jpg'],0,[],"[3.0, 1146, 439, 0.0]",{}
321,['SNAP-141520-0118.jpg'],0,[],"[3.0, 930, 573, 0.0]",{}
322,['SNAP-141531-0119.jpg'],0,[],"[3.0, 161, 604, 0.0]",{}
323,['SNAP-141531-0119.jpg'],0,[],"[3.0, 647, 884, 0.0]",{}
324,['SNAP-141531-0119.jpg'],0,[],"[3.0, 959, 166, 0.0]",{}
325,['SNAP-141531-0119.jpg'],0,[],"[3.0, 1160, 376, 0.0]",{}
326,['SNAP-141531-0119.jpg'],0,[],"[3.0, 648, 189, 0.0]",{}
327,['SNAP-141539-0120.jpg'],0,[],"[3.0, 661, 387, 0.0]",{}
328,['SNAP-141539-0120.jpg'],0,[],"[3.0, 841, 630, 0.0]",{}
329,['SNAP-141555-0121.jpg'],0,[],"[3.0, 804, 393, 0.0]",{}
330,['SNAP-141555-0121.jpg'],0,[],"[3.0, 1155, 754, 0.0]",{}
331,['SNAP-141555-0121.jpg'],0,[],"[3.0, 155, 540, 0.0]",{}
332,['SNAP-141555-0121.jpg'],0,[],"[3.0, 721, 379, 0.0]",{}
333,['SNAP-141612-0122.jpg'],0,[],"[3.0, 823, 230, 0.0]",{}
334,['SNAP-141612-0122.jpg'],0,[],"[3.0, 322, 414, 0.0]",{}
335,['SNAP-141612-0122.jpg'],0,[],"[3.0, 605, 362, 0.0]",{}
336,['SNAP-141623-0123.jpg'],0,[],"[3.0, 1092, 525, 0.0]",{}
337,['SNAP-141623-0123.jpg'],0,[],"[3.0, 621, 99, 0.0]",{}
338,['SNAP-141636-0124.jpg'],0,[],"[3.0, 1226, 528, 0.0]",{}
339,['SNAP-141651-0125.jpg'],0,[],"[3.0, 1108, 948, 0.0]",{}
340,['SNAP-141651-0125.jpg'],0,[],"[3.0, 157, 629, 0.0]",{}
341,['SNAP-143720-0135.jpg'],0,[],"[3.0, 954, 596, 0.0]",{}
342,['SNAP-143720-0135.jpg'],0,[],"[3.0, 583, 630, 0.0]",{}
343,['SNAP-144123-0143.jpg'],0,[],"[3.0, 161, 669, 0.0]",{}
344,['SNAP-144123-0143.jpg'],0,[],"[3.0, 437, 74, 0.0]",{}
345,['SNAP-144138-0144.jpg'],0,[],"[3.0, 699, 103, 0.0]",{}
346,['SNAP-144239-0147.jpg'],0,[],"[3.0, 602, 182, 0.0]",{}
347,['SNAP-150248-0149.jpg'],0,[],"[3.0, 107, 496, 0.0]",{}
348,['SNAP-150248-0149.jpg'],0,[],"[3.0, 773, 175, 0.0]",{}
349,['SNAP-150318-0150.jpg'],0,[],"[3.0, 814, 847, 0.0]",{}
350,['SNAP-150318-0150.jpg'],0,[],"[3.0, 1078, 136, 0.0]",{}
351,['SNAP-150338-0151.jpg'],0,[],"[3.0, 366, 810, 0.0]",{}
352,['SNAP-150338-0151.jpg'],0,[],"[3.0, 384, 693, 0.0]",{}
353,['SNAP-150444-0152.jpg'],0,[],"[3.0, 1173, 340, 0.0]",{}
354,['SNAP-150444-0152.jpg'],0,[],"[3.0, 819, 332, 0.0]",{}
355,['SNAP-150618-0154.jpg'],0,[],"[3.0, 323, 731, 0.0]",{}
356,['SNAP-150618-0154.jpg'],0,[],"[3.0, 363, 707, 0.0]",{}
357,['SNAP-150618-0154.jpg'],0,[],"[3.0, 324, 599, 0.0]",{}
358,['SNAP-150618-0154.jpg'],0,[],"[3.0, 834, 707, 0.0]",{}
359,['SNAP-150752-0155.jpg'],0,[],"[3.0, 854, 614, 0.0]",{}
360,['SNAP-150752-0155.jpg'],0,[],"[3.0, 981, 560, 0.0]",{}
361,['SNAP-151139-0156.jpg'],0,[],"[3.0, 329, 583, 0.0]",{}
362,['SNAP-151139-0156.jpg'],0,[],"[3.0, 133, 516, 0.0]",{}
363,['SNAP-151139-0156.jpg'],0,[],"[3.0, 411, 301, 0.0]",{}
364,['SNAP-151154-0157.jpg'],0,[],"[3.0, 530, 118, 0.0]",{}
365,['SNAP-151154-0157.jpg'],0,[],"[3.0, 608, 817, 0.0]",{}
366,['SNAP-151154-0157.jpg'],0,[],"[3.0, 664, 907, 0.0]",{}
367,['SNAP-151154-0157.jpg'],0,[],"[3.0, 313, 492, 0.0]",{}
368,['SNAP-151154-0157.jpg'],0,[],"[3.0, 802, 96, 0.0]",{}
369,['SNAP-151154-0157.jpg'],0,[],"[3.0, 931, 947, 0.0]",{}
370,['SNAP-151154-0157.jpg'],0,[],"[3.0, 744, 348, 0.0]",{}
371,['SNAP-151154-0157.jpg'],0,[],"[3.0, 1175, 245, 0.0]",{}
372,['SNAP-151206-0158.jpg'],0,[],"[3.0, 599, 798, 0.0]",{}
373,['SNAP-151206-0158.jpg'],0,[],"[3.0, 1184, 678, 0.0]",{}
374,['SNAP-151206-0158.jpg'],0,[],"[3.0, 1135, 958, 0.0]",{}
375,['SNAP-151206-0158.jpg'],0,[],"[3.0, 1169, 817, 0.0]",{}
376,['SNAP-151218-0159.jpg'],0,[],"[3.0, 998, 556, 0.0]",{}
377,['SNAP-151218-0159.jpg'],0,[],"[3.0, 943, 120, 0.0]",{}
378,['SNAP-151218-0159.jpg'],0,[],"[3.0, 658, 902, 0.0]",{}
379,['SNAP-151218-0159.jpg'],0,[],"[3.0, 1028, 854, 0.0]",{}
380,['SNAP-151218-0159.jpg'],0,[],"[3.0, 707, 323, 0.0]",{}
381,['SNAP-151218-0159.jpg'],0,[],"[3.0, 968, 331, 0.0]",{}
382,['SNAP-151241-0160.jpg'],0,[],"[3.0, 789, 225, 0.0]",{}
383,['SNAP-151241-0160.jpg'],0,[],"[3.0, 335, 640, 0.0]",{}
384,['SNAP-151241-0160.jpg'],0,[],"[3.0, 434, 792, 0.0]",{}
385,['SNAP-151241-0160.jpg'],0,[],"[3.0, 498, 522, 0.0]",{}
386,['SNAP-151241-0160.jpg'],0,[],"[3.0, 1155, 231, 0.0]",{}
387,['SNAP-151241-0160.jpg'],0,[],"[3.0, 1129, 79, 0.0]",{}
388,['SNAP-151254-0161.jpg'],0,[],"[3.0, 769, 910, 0.0]",{}
389,['SNAP-151254-0161.jpg'],0,[],"[3.0, 1108, 364, 0.0]",{}
390,['SNAP-151254-0161.jpg'],0,[],"[3.0, 255, 725, 0.0]",{}
391,['SNAP-151254-0161.jpg'],0,[],"[3.0, 925, 447, 0.0]",{}
392,['SNAP-151254-0161.jpg'],0,[],"[3.0, 971, 459, 0.0]",{}
393,['SNAP-151254-0161.jpg'],0,[],"[3.0, 450, 419, 0.0]",{}
394,['SNAP-151254-0161.jpg'],0,[],"[3.0, 766, 392, 0.0]",{}
395,['SNAP-151312-0162.jpg'],0,[],"[3.0, 943, 926, 0.0]",{}
396,['SNAP-151312-0162.jpg'],0,[],"[3.0, 403, 112, 0.0]",{}
397,['SNAP-151312-0162.jpg'],0,[],"[3.0, 662, 313, 0.0]",{}
398,['SNAP-151312-0162.jpg'],0,[],"[3.0, 1025, 805, 0.0]",{}
399,['SNAP-151312-0162.jpg'],0,[],"[3.0, 1037, 390, 0.0]",{}
400,['SNAP-151312-0162.jpg'],0,[],"[3.0, 426, 817, 0.0]",{}
401,['SNAP-151312-0162.jpg'],0,[],"[3.0, 1023, 449, 0.0]",{}
402,['SNAP-151327-0163.jpg'],0,[],"[3.0, 903, 818, 0.0]",{}
403,['SNAP-151327-0163.jpg'],0,[],"[3.0, 1050, 205, 0.0]",{}
404,['SNAP-151327-0163.jpg'],0,[],"[3.0, 596, 76, 0.0]",{}
405,['SNAP-151336-0164.jpg'],0,[],"[3.0, 1062, 256, 0.0]",{}
406,['SNAP-151336-0164.jpg'],0,[],"[3.0, 1217, 837, 0.0]",{}
407,['SNAP-151336-0164.jpg'],0,[],"[3.0, 1087, 942, 0.0]",{}
408,['SNAP-151336-0164.jpg'],0,[],"[3.0, 344, 898, 0.0]",{}
409,['SNAP-151336-0164.jpg'],0,[],"[3.0, 316, 956, 0.0]",{}
410,['SNAP-151344-0165.jpg'],0,[],"[3.0, 1031, 186, 0.0]",{}
411,['SNAP-151344-0165.jpg'],0,[],"[3.0, 773, 930, 0.0]",{}
412,['SNAP-151344-0165.jpg'],0,[],"[3.0, 198, 659, 0.0]",{}
413,['SNAP-151344-0165.jpg'],0,[],"[3.0, 407, 712, 0.0]",{}
414,['SNAP-151344-0165.jpg'],0,[],"[3.0, 434, 159, 0.0]",{}
415,['SNAP-151354-0166.jpg'],0,[],"[3.0, 309, 894, 0.0]",{}
416,['SNAP-151354-0166.jpg'],0,[],"[3.0, 1167, 285, 0.0]",{}
417,['SNAP-151354-0166.jpg'],0,[],"[3.0, 593, 716, 0.0]",{}
418,['SNAP-151354-0166.jpg'],0,[],"[3.0, 113, 635, 0.0]",{}
419,['SNAP-151402-0167.jpg'],0,[],"[3.0, 426, 872, 0.0]",{}
420,['SNAP-151402-0167.jpg'],0,[],"[3.0, 935, 472, 0.0]",{}
421,['SNAP-151402-0167.jpg'],0,[],"[3.0, 794, 633, 0.0]",{}
422,['SNAP-151402-0167.jpg'],0,[],"[3.0, 156, 715, 0.0]",{}
423,['SNAP-151402-0167.jpg'],0,[],"[3.0, 450, 249, 0.0]",{}
424,['SNAP-151411-0168.jpg'],0,[],"[3.0, 104, 433, 0.0]",{}
425,['SNAP-151411-0168.jpg'],0,[],"[3.0, 911, 877, 0.0]",{}
426,['SNAP-151425-0169.jpg'],0,[],"[3.0, 482, 685, 0.0]",{}
427,['SNAP-151425-0169.jpg'],0,[],"[3.0, 1118, 254, 0.0]",{}
428,['SNAP-151425-0169.jpg'],0,[],"[3.0, 1187, 317, 0.0]",{}
429,['SNAP-151440-0170.jpg'],0,[],"[3.0, 484, 347, 0.0]",{}
430,['SNAP-151440-0170.jpg'],0,[],"[3.0, 1212, 765, 0.0]",{}
431,['SNAP-151459-0171.jpg'],0,[],"[3.0, 778, 771, 0.0]",{}
432,['SNAP-151459-0171.jpg'],0,[],"[3.0, 187, 427, 0.0]",{}
433,['SNAP-151459-0171.jpg'],0,[],"[3.0, 926, 147, 0.0]",{}
434,['SNAP-151459-0171.jpg'],0,[],"[3.0, 606, 261, 0.0]",{}
435,['SNAP-151459-0171.jpg'],0,[],"[3.0, 1108, 79, 0.0]",{}
436,['SNAP-151459-0171.jpg'],0,[],"[3.0, 790, 540, 0.0]",{}
437,['SNAP-151459-0171.jpg'],0,[],"[3.0, 1126, 266, 0.0]",{}
438,['SNAP-151459-0171.jpg'],0,[],"[3.0, 879, 738, 0.0]",{}
439,['SNAP-151511-0172.jpg'],0,[],"[3.0, 747, 464, 0.0]",{}
440,['SNAP-151511-0172.jpg'],0,[],"[3.0, 764, 518, 0.0]",{}
441,['SNAP-151511-0172.jpg'],0,[],"[3.0, 1025, 585, 0.0]",{}
442,['SNAP-151511-0172.jpg'],0,[],"[3.0, 794, 638, 0.0]",{}
443,['SNAP-151511-0172.jpg'],0,[],"[3.0, 533, 274, 0.0]",{}
444,['SNAP-151511-0172.jpg'],0,[],"[3.0, 425, 779, 0.0]",{}
445,['SNAP-151511-0172.jpg'],0,[],"[3.0, 219, 830, 0.0]",{}
446,['SNAP-151524-0173.jpg'],0,[],"[3.0, 292, 405, 0.0]",{}
447,['SNAP-151524-0173.jpg'],0,[],"[3.0, 1107, 355, 0.0]",{}
448,['SNAP-151524-0173.jpg'],0,[],"[3.0, 525, 465, 0.0]",{}
449,['SNAP-151524-0173.jpg'],0,[],"[3.0, 90, 563, 0.0]",{}
450,['SNAP-151524-0173.jpg'],0,[],"[3.0, 192, 890, 0.0]",{}
451,['SNAP-151524-0173.jpg'],0,[],"[3.0, 1161, 713, 0.0]",{}
452,['SNAP-151538-0174.jpg'],0,[],"[3.0, 1118, 781, 0.0]",{}
453,['SNAP-151538-0174.jpg'],0,[],"[3.0, 543, 113, 0.0]",{}
454,['SNAP-151553-0175.jpg'],0,[],"[3.0, 355, 445, 0.0]",{}
455,['SNAP-151553-0175.jpg'],0,[],"[3.0, 423, 269, 0.0]",{}
456,['SNAP-151553-0175.jpg'],0,[],"[3.0, 372, 692, 0.0]",{}
457,['SNAP-151553-0175.jpg'],0,[],"[3.0, 1038, 833, 0.0]",{}
458,['SNAP-151553-0175.jpg'],0,[],"[3.0, 253, 783, 0.0]",{}
459,['SNAP-151553-0175.jpg'],0,[],"[3.0, 486, 548, 0.0]",{}
460,['SNAP-151605-0176.jpg'],0,[],"[3.0, 464, 713, 0.0]",{}
461,['SNAP-151605-0176.jpg'],0,[],"[3.0, 875, 275, 0.0]",{}
462,['SNAP-151605-0176.jpg'],0,[],"[3.0, 808, 768, 0.0]",{}
463,['SNAP-151605-0176.jpg'],0,[],"[3.0, 230, 472, 0.0]",{}
464,['SNAP-151605-0176.jpg'],0,[],"[3.0, 569, 853, 0.0]",{}
465,['SNAP-151618-0177.jpg'],0,[],"[3.0, 1133, 251, 0.0]",{}
466,['SNAP-151618-0177.jpg'],0,[],"[3.0, 744, 476, 0.0]",{}
467,['SNAP-151618-0177.jpg'],0,[],"[3.0, 980, 733, 0.0]",{}
468,['SNAP-151618-0177.jpg'],0,[],"[3.0, 595, 671, 0.0]",{}
469,['SNAP-151618-0177.jpg'],0,[],"[3.0, 1102, 616, 0.0]",{}
470,['SNAP-151629-0178.jpg'],0,[],"[3.0, 837, 351, 0.0]",{}
471,['SNAP-151629-0178.jpg'],0,[],"[3.0, 1068, 830, 0.0]",{}
472,['SNAP-151629-0178.jpg'],0,[],"[3.0, 1162, 742, 0.0]",{}
473,['SNAP-151629-0178.jpg'],0,[],"[3.0, 522, 207, 0.0]",{}
474,['SNAP-151629-0178.jpg'],0,[],"[3.0, 1172, 527, 0.0]",{}
475,['SNAP-151629-0178.jpg'],0,[],"[3.0, 475, 483, 0.0]",{}
476,['SNAP-151639-0179.jpg'],0,[],"[3.0, 944, 583, 0.0]",{}
477,['SNAP-151639-0179.jpg'],0,[],"[3.0, 700, 341, 0.0]",{}
478,['SNAP-151639-0179.jpg'],0,[],"[3.0, 1117, 317, 0.0]",{}
479,['SNAP-151648-0180.jpg'],0,[],"[3.0, 466, 290, 0.0]",{}
480,['SNAP-151648-0180.jpg'],0,[],"[3.0, 924, 222, 0.0]",{}
481,['SNAP-151648-0180.jpg'],0,[],"[3.0, 752, 931, 0.0]",{}
482,['SNAP-151648-0180.jpg'],0,[],"[3.0, 965, 902, 0.0]",{}
483,['SNAP-151648-0180.jpg'],0,[],"[3.0, 969, 941, 0.0]",{}
484,['SNAP-151700-0181.jpg'],0,[],"[3.0, 100, 850, 0.0]",{}
485,['SNAP-151700-0181.jpg'],0,[],"[3.0, 641, 814, 0.0]",{}
486,['SNAP-151700-0181.jpg'],0,[],"[3.0, 578, 918, 0.0]",{}
487,['SNAP-151700-0181.jpg'],0,[],"[3.0, 498, 958, 0.0]",{}
488,['SNAP-151700-0181.jpg'],0,[],"[3.0, 1089, 822, 0.0]",{}
489,['SNAP-151700-0181.jpg'],0,[],"[3.0, 459, 590, 0.0]",{}
490,['SNAP-151700-0181.jpg'],0,[],"[3.0, 1039, 706, 0.0]",{}
491,['SNAP-151712-0182.jpg'],0,[],"[3.0, 226, 848, 0.0]",{}
492,['SNAP-151712-0182.jpg'],0,[],"[3.0, 271, 573, 0.0]",{}
493,['SNAP-151712-0182.jpg'],0,[],"[3.0, 515, 802, 0.0]",{}
494,['SNAP-151712-0182.jpg'],0,[],"[3.0, 887, 399, 0.0]",{}
495,['SNAP-151721-0183.jpg'],0,[],"[3.0, 1053, 254, 0.0]",{}
496,['SNAP-151721-0183.jpg'],0,[],"[3.0, 880, 774, 0.0]",{}
497,['SNAP-151721-0183.jpg'],0,[],"[3.0, 1110, 666, 0.0]",{}
498,['SNAP-151721-0183.jpg'],0,[],"[3.0, 196, 686, 0.0]",{}
499,['SNAP-151721-0183.jpg'],0,[],"[3.0, 594, 704, 0.0]",{}
500,['SNAP-151721-0183.jpg'],0,[],"[3.0, 75, 745, 0.0]",{}
501,['SNAP-151721-0183.jpg'],0,[],"[3.0, 742, 248, 0.0]",{}
502,['SNAP-151736-0184.jpg'],0,[],"[3.0, 300, 465, 0.0]",{}
503,['SNAP-151736-0184.jpg'],0,[],"[3.0, 429, 227, 0.0]",{}
504,['SNAP-151736-0184.jpg'],0,[],"[3.0, 1222, 444, 0.0]",{}
505,['SNAP-151736-0184.jpg'],0,[],"[3.0, 116, 763, 0.0]",{}
506,['SNAP-151736-0184.jpg'],0,[],"[3.0, 757, 467, 0.0]",{}
507,['SNAP-151736-0184.jpg'],0,[],"[3.0, 1192, 705, 0.0]",{}
508,['SNAP-151736-0184.jpg'],0,[],"[3.0, 885, 741, 0.0]",{}
509,['SNAP-151736-0184.jpg'],0,[],"[3.0, 299, 825, 0.0]",{}
510,['SNAP-151752-0185.jpg'],0,[],"[3.0, 672, 889, 0.0]",{}
511,['SNAP-151752-0185.jpg'],0,[],"[3.0, 840, 676, 0.0]",{}
512,['SNAP-151752-0185.jpg'],0,[],"[3.0, 1190, 78, 0.0]",{}
513,['SNAP-151752-0185.jpg'],0,[],"[3.0, 851, 78, 0.0]",{}
514,['SNAP-151752-0185.jpg'],0,[],"[3.0, 611, 108, 0.0]",{}
515,['SNAP-151752-0185.jpg'],0,[],"[3.0, 785, 449, 0.0]",{}
516,['SNAP-151752-0185.jpg'],0,[],"[3.0, 640, 402, 0.0]",{}
517,['SNAP-151752-0185.jpg'],0,[],"[3.0, 828, 652, 0.0]",{}
518,['SNAP-151752-0185.jpg'],0,[],"[3.0, 509, 314, 0.0]",{}
519,['SNAP-151804-0186.jpg'],0,[],"[3.0, 1030, 381, 0.0]",{}
520,['SNAP-151804-0186.jpg'],0,[],"[3.0, 873, 915, 0.0]",{}
521,['SNAP-151804-0186.jpg'],0,[],"[3.0, 446, 794, 0.0]",{}
522,['SNAP-151804-0186.jpg'],0,[],"[3.0, 833, 720, 0.0]",{}
523,['SNAP-151804-0186.jpg'],0,[],"[3.0, 473, 616, 0.0]",{}
524,['SNAP-151814-0187.jpg'],0,[],"[3.0, 632, 807, 0.0]",{}
525,['SNAP-151814-0187.jpg'],0,[],"[3.0, 535, 141, 0.0]",{}
526,['SNAP-151814-0187.jpg'],0,[],"[3.0, 1127, 903, 0.0]",{}
527,['SNAP-151814-0187.jpg'],0,[],"[3.0, 978, 318, 0.0]",{}
528,['SNAP-151814-0187.jpg'],0,[],"[3.0, 213, 511, 0.0]",{}
529,['SNAP-151814-0187.jpg'],0,[],"[3.0, 694, 922, 0.0]",{}
530,['SNAP-151828-0188.jpg'],0,[],"[3.0, 818, 595, 0.0]",{}
531,['SNAP-151828-0188.jpg'],0,[],"[3.0, 741, 737, 0.0]",{}
532,['SNAP-151828-0188.jpg'],0,[],"[3.0, 863, 737, 0.0]",{}
533,['SNAP-151828-0188.jpg'],0,[],"[3.0, 887, 931, 0.0]",{}
534,['SNAP-151835-0189.jpg'],0,[],"[3.0, 723, 808, 0.0]",{}
535,['SNAP-151835-0189.jpg'],0,[],"[3.0, 638, 532, 0.0]",{}
536,['SNAP-151835-0189.jpg'],0,[],"[3.0, 488, 110, 0.0]",{}
537,['SNAP-151835-0189.jpg'],0,[],"[3.0, 1155, 857, 0.0]",{}
538,['SNAP-151853-0190.jpg'],0,[],"[3.0, 498, 749, 0.0]",{}
539,['SNAP-151853-0190.jpg'],0,[],"[3.0, 572, 918, 0.0]",{}
540,['SNAP-151853-0190.jpg'],0,[],"[3.0, 538, 156, 0.0]",{}
541,['SNAP-151853-0190.jpg'],0,[],"[3.0, 299, 764, 0.0]",{}
542,['SNAP-151853-0190.jpg'],0,[],"[3.0, 907, 423, 0.0]",{}
543,['SNAP-151906-0191.jpg'],0,[],"[3.0, 753, 505, 0.0]",{}
544,['SNAP-151906-0191.jpg'],0,[],"[3.0, 635, 95, 0.0]",{}
545,['SNAP-151924-0192.jpg'],0,[],"[3.0, 823, 275, 0.0]",{}
546,['SNAP-151924-0192.jpg'],0,[],"[3.0, 295, 693, 0.0]",{}
547,['SNAP-151924-0192.jpg'],0,[],"[3.0, 786, 487, 0.0]",{}
548,['SNAP-151924-0192.jpg'],0,[],"[3.0, 550, 191, 0.0]",{}
549,['SNAP-151924-0192.jpg'],0,[],"[3.0, 604, 612, 0.0]",{}
550,['SNAP-151935-0193.jpg'],0,[],"[3.0, 1041, 211, 0.0]",{}
551,['SNAP-151935-0193.jpg'],0,[],"[3.0, 165, 428, 0.0]",{}
552,['SNAP-151935-0193.jpg'],0,[],"[3.0, 1217, 456, 0.0]",{}
553,['SNAP-151935-0193.jpg'],0,[],"[3.0, 973, 756, 0.0]",{}
554,['SNAP-151945-0194.jpg'],0,[],"[3.0, 1174, 115, 0.0]",{}
555,['SNAP-151945-0194.jpg'],0,[],"[3.0, 216, 933, 0.0]",{}
556,['SNAP-151945-0194.jpg'],0,[],"[3.0, 537, 171, 0.0]",{}
557,['SNAP-151945-0194.jpg'],0,[],"[3.0, 634, 439, 0.0]",{}
558,['SNAP-151958-0195.jpg'],0,[],"[3.0, 1032, 253, 0.0]",{}
559,['SNAP-151958-0195.jpg'],0,[],"[3.0, 945, 583, 0.0]",{}
560,['SNAP-151958-0195.jpg'],0,[],"[3.0, 440, 693, 0.0]",{}
561,['SNAP-151958-0195.jpg'],0,[],"[3.0, 799, 635, 0.0]",{}
562,['SNAP-151958-0195.jpg'],0,[],"[3.0, 834, 548, 0.0]",{}
563,['SNAP-152006-0196.jpg'],0,[],"[3.0, 951, 463, 0.0]",{}
564,['SNAP-152006-0196.jpg'],0,[],"[3.0, 489, 612, 0.0]",{}
565,['SNAP-152028-0197.jpg'],0,[],"[3.0, 782, 482, 0.0]",{}
566,['SNAP-152028-0197.jpg'],0,[],"[3.0, 952, 373, 0.0]",{}
567,['SNAP-152028-0197.jpg'],0,[],"[3.0, 1166, 786, 0.0]",{}
568,['SNAP-152028-0197.jpg'],0,[],"[3.0, 156, 920, 0.0]",{}
569,['SNAP-152050-0198.jpg'],0,[],"[3.0, 683, 194, 0.0]",{}
570,['SNAP-152050-0198.jpg'],0,[],"[3.0, 780, 77, 0.0]",{}
571,['SNAP-152121-0199.jpg'],0,[],"[3.0, 457, 241, 0.0]",{}
572,['SNAP-152121-0199.jpg'],0,[],"[3.0, 998, 609, 0.0]",{}
573,['SNAP-152121-0199.jpg'],0,[],"[3.0, 457, 804, 0.0]",{}
574,['SNAP-152134-0200.jpg'],0,[],"[3.0, 316, 809, 0.0]",{}
575,['SNAP-152134-0200.jpg'],0,[],"[3.0, 1058, 232, 0.0]",{}
576,['SNAP-152134-0200.jpg'],0,[],"[3.0, 802, 459, 0.0]",{}
577,['SNAP-152134-0200.jpg'],0,[],"[3.0, 135, 836, 0.0]",{}
578,['SNAP-152134-0200.jpg'],0,[],"[3.0, 873, 700, 0.0]",{}
579,['SNAP-152134-0200.jpg'],0,[],"[3.0, 593, 85, 0.0]",{}
580,['SNAP-152134-0200.jpg'],0,[],"[3.0, 1218, 613, 0.0]",{}
581,['SNAP-152149-0201.jpg'],0,[],"[3.0, 787, 442, 0.0]",{}
582,['SNAP-152149-0201.jpg'],0,[],"[3.0, 652, 301, 0.0]",{}
583,['SNAP-152149-0201.jpg'],0,[],"[3.0, 614, 195, 0.0]",{}
584,['SNAP-152149-0201.jpg'],0,[],"[3.0, 71, 776, 0.0]",{}
585,['SNAP-152149-0201.jpg'],0,[],"[3.0, 891, 513, 0.0]",{}
586,['SNAP-152201-0202.jpg'],0,[],"[3.0, 585, 144, 0.0]",{}
587,['SNAP-152201-0202.jpg'],0,[],"[3.0, 212, 439, 0.0]",{}
588,['SNAP-152201-0202.jpg'],0,[],"[3.0, 193, 512, 0.0]",{}
589,['SNAP-152201-0202.jpg'],0,[],"[3.0, 932, 98, 0.0]",{}
590,['SNAP-152229-0203.jpg'],0,[],"[3.0, 416, 734, 0.0]",{}
591,['SNAP-152229-0203.jpg'],0,[],"[3.0, 504, 140, 0.0]",{}
592,['SNAP-152229-0203.jpg'],0,[],"[3.0, 454, 556, 0.0]",{}
593,['SNAP-152229-0203.jpg'],0,[],"[3.0, 668, 473, 0.0]",{}
594,['SNAP-152242-0204.jpg'],0,[],"[3.0, 1003, 901, 0.0]",{}
595,['SNAP-152242-0204.jpg'],0,[],"[3.0, 973, 807, 0.0]",{}
596,['SNAP-152242-0204.jpg'],0,[],"[3.0, 761, 103, 0.0]",{}
597,['SNAP-152242-0204.jpg'],0,[],"[3.0, 945, 415, 0.0]",{}
598,['SNAP-152242-0204.jpg'],0,[],"[3.0, 792, 366, 0.0]",{}
599,['SNAP-152242-0204.jpg'],0,[],"[3.0, 944, 275, 0.0]",{}
600,['SNAP-152242-0204.jpg'],0,[],"[3.0, 179, 591, 0.0]",{}
601,['SNAP-152259-0205.jpg'],0,[],"[3.0, 692, 682, 0.0]",{}
602,['SNAP-152259-0205.jpg'],0,[],"[3.0, 405, 954, 0.0]",{}
603,['SNAP-152259-0205.jpg'],0,[],"[3.0, 682, 611, 0.0]",{}
604,['SNAP-152259-0205.jpg'],0,[],"[3.0, 705, 384, 0.0]",{}
605,['SNAP-152259-0205.jpg'],0,[],"[3.0, 788, 595, 0.0]",{}
606,['SNAP-152259-0205.jpg'],0,[],"[3.0, 856, 134, 0.0]",{}
607,['SNAP-152330-0206.jpg'],0,[],"[3.0, 416, 572, 0.0]",{}
608,['SNAP-152330-0206.jpg'],0,[],"[3.0, 1232, 282, 0.0]",{}
609,['SNAP-152330-0206.jpg'],0,[],"[3.0, 191, 649, 0.0]",{}
610,['SNAP-152330-0206.jpg'],0,[],"[3.0, 746, 771, 0.0]",{}
611,['SNAP-152330-0206.jpg'],0,[],"[3.0, 139, 761, 0.0]",{}
612,['SNAP-152330-0206.jpg'],0,[],"[3.0, 1014, 932, 0.0]",{}
613,['SNAP-152353-0207.jpg'],0,[],"[3.0, 222, 675, 0.0]",{}
614,['SNAP-152353-0207.jpg'],0,[],"[3.0, 1137, 209, 0.0]",{}
615,['SNAP-152353-0207.jpg'],0,[],"[3.0, 1152, 839, 0.0]",{}
616,['SNAP-152430-0208.jpg'],0,[],"[3.0, 891, 111, 0.0]",{}
617,['SNAP-152430-0208.jpg'],0,[],"[3.0, 561, 860, 0.0]",{}
618,['SNAP-152430-0208.jpg'],0,[],"[3.0, 402, 102, 0.0]",{}
619,['SNAP-152430-0208.jpg'],0,[],"[3.0, 135, 565, 0.0]",{}
620,['SNAP-152430-0208.jpg'],0,[],"[3.0, 811, 532, 0.0]",{}
621,['SNAP-152456-0209.jpg'],0,[],"[3.0, 369, 885, 0.0]",{}
622,['SNAP-152456-0209.jpg'],0,[],"[3.0, 922, 615, 0.0]",{}
623,['SNAP-152456-0209.jpg'],0,[],"[3.0, 249, 494, 0.0]",{}
624,['SNAP-152456-0209.jpg'],0,[],"[3.0, 478, 535, 0.0]",{}
625,['SNAP-152456-0209.jpg'],0,[],"[3.0, 1143, 780, 0.0]",{}
626,['SNAP-152456-0209.jpg'],0,[],"[3.0, 385, 941, 0.0]",{}
627,['SNAP-152456-0209.jpg'],0,[],"[3.0, 1138, 106, 0.0]",{}
628,['SNAP-152456-0209.jpg'],0,[],"[3.0, 400, 76, 0.0]",{}
629,['SNAP-152549-0210.jpg'],0,[],"[3.0, 782, 236, 0.0]",{}
630,['SNAP-152549-0210.jpg'],0,[],"[3.0, 670, 155, 0.0]",{}
631,['SNAP-152549-0210.jpg'],0,[],"[3.0, 152, 898, 0.0]",{}
632,['SNAP-152549-0210.jpg'],0,[],"[3.0, 562, 525, 0.0]",{}
633,['SNAP-152549-0210.jpg'],0,[],"[3.0, 378, 402, 0.0]",{}
634,['SNAP-152549-0210.jpg'],0,[],"[3.0, 1195, 508, 0.0]",{}
635,['SNAP-152948-0211.jpg'],0,[],"[3.0, 511, 680, 0.0]",{}
636,['SNAP-152948-0211.jpg'],0,[],"[3.0, 1212, 816, 0.0]",{}
637,['SNAP-152948-0211.jpg'],0,[],"[3.0, 486, 82, 0.0]",{}
638,['SNAP-152948-0211.jpg'],0,[],"[3.0, 602, 536, 0.0]",{}
639,['SNAP-152948-0211.jpg'],0,[],"[3.0, 1107, 595, 0.0]",{}
640,['SNAP-153006-0212.jpg'],0,[],"[3.0, 368, 904, 0.0]",{}
641,['SNAP-153006-0212.jpg'],0,[],"[3.0, 347, 928, 0.0]",{}
642,['SNAP-153006-0212.jpg'],0,[],"[3.0, 986, 123, 0.0]",{}
643,['SNAP-153006-0212.jpg'],0,[],"[3.0, 1195, 463, 0.0]",{}
644,['SNAP-153006-0212.jpg'],0,[],"[3.0, 440, 858, 0.0]",{}
645,['SNAP-153044-0213.jpg'],0,[],"[3.0, 271, 640, 0.0]",{}
646,['SNAP-153044-0213.jpg'],0,[],"[3.0, 939, 88, 0.0]",{}
647,['SNAP-153044-0213.jpg'],0,[],"[3.0, 837, 934, 0.0]",{}
648,['SNAP-153044-0213.jpg'],0,[],"[3.0, 749, 516, 0.0]",{}
649,['SNAP-153044-0213.jpg'],0,[],"[3.0, 977, 378, 0.0]",{}
650,['SNAP-153103-0214.jpg'],0,[],"[3.0, 1199, 231, 0.0]",{}
651,['SNAP-153103-0214.jpg'],0,[],"[3.0, 1088, 599, 0.0]",{}
652,['SNAP-153103-0214.jpg'],0,[],"[3.0, 335, 435, 0.0]",{}
653,['SNAP-153113-0215.jpg'],0,[],"[3.0, 1068, 887, 0.0]",{}
654,['SNAP-153113-0215.jpg'],0,[],"[3.0, 632, 748, 0.0]",{}
655,['SNAP-153113-0215.jpg'],0,[],"[3.0, 1011, 210, 0.0]",{}
656,['SNAP-153113-0215.jpg'],0,[],"[3.0, 449, 353, 0.0]",{}
657,['SNAP-153113-0215.jpg'],0,[],"[3.0, 1228, 326, 0.0]",{}
658,['SNAP-153113-0215.jpg'],0,[],"[3.0, 603, 749, 0.0]",{}
659,['SNAP-153113-0215.jpg'],0,[],"[3.0, 669, 591, 0.0]",{}
660,['SNAP-153113-0215.jpg'],0,[],"[3.0, 1043, 534, 0.0]",{}
661,['SNAP-153128-0216.jpg'],0,[],"[3.0, 908, 238, 0.0]",{}
662,['SNAP-153128-0216.jpg'],0,[],"[3.0, 1151, 340, 0.0]",{}
663,['SNAP-153128-0216.jpg'],0,[],"[3.0, 155, 782, 0.0]",{}
664,['SNAP-153128-0216.jpg'],0,[],"[3.0, 642, 150, 0.0]",{}
665,['SNAP-153137-0217.jpg'],0,[],"[3.0, 952, 703, 0.0]",{}
666,['SNAP-153137-0217.jpg'],0,[],"[3.0, 480, 355, 0.0]",{}
667,['SNAP-153137-0217.jpg'],0,[],"[3.0, 908, 749, 0.0]",{}
668,['SNAP-153137-0217.jpg'],0,[],"[3.0, 1052, 421, 0.0]",{}
669,['SNAP-153137-0217.jpg'],0,[],"[3.0, 793, 698, 0.0]",{}
670,['SNAP-153137-0217.jpg'],0,[],"[3.0, 839, 68, 0.0]",{}
671,['SNAP-153137-0217.jpg'],0,[],"[3.0, 157, 892, 0.0]",{}
672,['SNAP-153137-0217.jpg'],0,[],"[3.0, 776, 346, 0.0]",{}
673,['SNAP-153147-0218.jpg'],0,[],"[3.0, 727, 460, 0.0]",{}
674,['SNAP-153147-0218.jpg'],0,[],"[3.0, 527, 658, 0.0]",{}
675,['SNAP-153147-0218.jpg'],0,[],"[3.0, 406, 676, 0.0]",{}
676,['SNAP-153157-0219.jpg'],0,[],"[3.0, 1063, 659, 0.0]",{}
677,['SNAP-153157-0219.jpg'],0,[],"[3.0, 538, 443, 0.0]",{}
678,['SNAP-153157-0219.jpg'],0,[],"[3.0, 381, 573, 0.0]",{}
679,['SNAP-153206-0220.jpg'],0,[],"[3.0, 932, 412, 0.0]",{}
680,['SNAP-153206-0220.jpg'],0,[],"[3.0, 364, 480, 0.0]",{}
681,['SNAP-153206-0220.jpg'],0,[],"[3.0, 866, 153, 0.0]",{}
682,['SNAP-153206-0220.jpg'],0,[],"[3.0, 67, 860, 0.0]",{}
683,['SNAP-153217-0221.jpg'],0,[],"[3.0, 1154, 718, 0.0]",{}
684,['SNAP-153217-0221.jpg'],0,[],"[3.0, 768, 674, 0.0]",{}
685,['SNAP-153217-0221.jpg'],0,[],"[3.0, 722, 687, 0.0]",{}
686,['SNAP-153217-0221.jpg'],0,[],"[3.0, 902, 697, 0.0]",{}
687,['SNAP-153217-0221.jpg'],0,[],"[3.0, 158, 617, 0.0]",{}
688,['SNAP-153231-0222.jpg'],0,[],"[3.0, 304, 506, 0.0]",{}
689,['SNAP-153231-0222.jpg'],0,[],"[3.0, 913, 514, 0.0]",{}
690,['SNAP-153231-0222.jpg'],0,[],"[3.0, 1203, 343, 0.0]",{}
691,['SNAP-153231-0222.jpg'],0,[],"[3.0, 1171, 752, 0.0]",{}
692,['SNAP-153231-0222.jpg'],0,[],"[3.0, 984, 139, 0.0]",{}
693,['SNAP-153231-0222.jpg'],0,[],"[3.0, 858, 597, 0.0]",{}
694,['SNAP-153231-0222.jpg'],0,[],"[3.0, 215, 820, 0.0]",{}
695,['SNAP-153231-0222.jpg'],0,[],"[3.0, 1161, 822, 0.0]",{}
696,['SNAP-153231-0222.jpg'],0,[],"[3.0, 209, 678, 0.0]",{}
697,['SNAP-153231-0222.jpg'],0,[],"[3.0, 569, 234, 0.0]",{}
698,['SNAP-153231-0222.jpg'],0,[],"[3.0, 283, 855, 0.0]",{}
699,['SNAP-153248-0223.jpg'],0,[],"[3.0, 901, 878, 0.0]",{}
700,['SNAP-153248-0223.jpg'],0,[],"[3.0, 1042, 947, 0.0]",{}
701,['SNAP-153248-0223.jpg'],0,[],"[3.0, 440, 108, 0.0]",{}
702,['SNAP-153248-0223.jpg'],0,[],"[3.0, 951, 478, 0.0]",{}
703,['SNAP-153302-0224.jpg'],0,[],"[3.0, 434, 453, 0.0]",{}
704,['SNAP-153302-0224.jpg'],0,[],"[3.0, 133, 758, 0.0]",{}
705,['SNAP-153302-0224.jpg'],0,[],"[3.0, 1089, 114, 0.0]",{}
706,['SNAP-153302-0224.jpg'],0,[],"[3.0, 744, 82, 0.0]",{}
707,['SNAP-153302-0224.jpg'],0,[],"[3.0, 1009, 496, 0.0]",{}
708,['SNAP-153315-0225.jpg'],0,[],"[3.0, 1057, 652, 0.0]",{}
709,['SNAP-153315-0225.jpg'],0,[],"[3.0, 587, 874, 0.0]",{}
710,['SNAP-153315-0225.jpg'],0,[],"[3.0, 553, 326, 0.0]",{}
711,['SNAP-153315-0225.jpg'],0,[],"[3.0, 451, 702, 0.0]",{}
712,['SNAP-153315-0225.jpg'],0,[],"[3.0, 806, 151, 0.0]",{}
713,['SNAP-153324-0226.jpg'],0,[],"[3.0, 587, 702, 0.0]",{}
714,['SNAP-153324-0226.jpg'],0,[],"[3.0, 743, 265, 0.0]",{}
715,['SNAP-153324-0226.jpg'],0,[],"[3.0, 768, 339, 0.0]",{}
716,['SNAP-153324-0226.jpg'],0,[],"[3.0, 209, 874, 0.0]",{}
717,['SNAP-153334-0227.jpg'],0,[],"[3.0, 1139, 907, 0.0]",{}
718,['SNAP-153334-0227.jpg'],0,[],"[3.0, 945, 508, 0.0]",{}
719,['SNAP-153334-0227.jpg'],0,[],"[3.0, 397, 403, 0.0]",{}
720,['SNAP-153413-0228.jpg'],0,[],"[3.0, 1218, 486, 0.0]",{}
721,['SNAP-153413-0228.jpg'],0,[],"[3.0, 924, 434, 0.0]",{}
722,['SNAP-153413-0228.jpg'],0,[],"[3.0, 449, 715, 0.0]",{}
723,['SNAP-153413-0228.jpg'],0,[],"[3.0, 499, 822, 0.0]",{}
724,['SNAP-153413-0228.jpg'],0,[],"[3.0, 660, 546, 0.0]",{}
725,['SNAP-153413-0228.jpg'],0,[],"[3.0, 1218, 688, 0.0]",{}
726,['SNAP-153429-0229.jpg'],0,[],"[3.0, 995, 852, 0.0]",{}
727,['SNAP-153429-0229.jpg'],0,[],"[3.0, 512, 857, 0.0]",{}
728,['SNAP-153429-0229.jpg'],0,[],"[3.0, 1216, 194, 0.0]",{}
729,['SNAP-153429-0229.jpg'],0,[],"[3.0, 837, 789, 0.0]",{}
730,['SNAP-153459-0230.jpg'],0,[],"[3.0, 1013, 249, 0.0]",{}
731,['SNAP-153459-0230.jpg'],0,[],"[3.0, 256, 926, 0.0]",{}
732,['SNAP-153459-0230.jpg'],0,[],"[3.0, 533, 480, 0.0]",{}
733,['SNAP-153509-0231.jpg'],0,[],"[3.0, 505, 892, 0.0]",{}
734,['SNAP-153509-0231.jpg'],0,[],"[3.0, 736, 778, 0.0]",{}
735,['SNAP-153509-0231.jpg'],0,[],"[3.0, 793, 835, 0.0]",{}
736,['SNAP-153509-0231.jpg'],0,[],"[3.0, 462, 177, 0.0]",{}
737,['SNAP-153525-0232.jpg'],0,[],"[3.0, 271, 555, 0.0]",{}
738,['SNAP-153525-0232.jpg'],0,[],"[3.0, 1189, 681, 0.0]",{}
739,['SNAP-153525-0232.jpg'],0,[],"[3.0, 742, 387, 0.0]",{}
740,['SNAP-153525-0232.jpg'],0,[],"[3.0, 1112, 144, 0.0]",{}
741,['SNAP-153525-0232.jpg'],0,[],"[3.0, 1092, 683, 0.0]",{}
742,['SNAP-153525-0232.jpg'],0,[],"[3.0, 735, 405, 0.0]",{}
743,['SNAP-153534-0233.jpg'],0,[],"[3.0, 1137, 646, 0.0]",{}
744,['SNAP-153534-0233.jpg'],0,[],"[3.0, 1073, 825, 0.0]",{}
745,['SNAP-153534-0233.jpg'],0,[],"[3.0, 83, 665, 0.0]",{}
746,['SNAP-153534-0233.jpg'],0,[],"[3.0, 662, 917, 0.0]",{}
747,['SNAP-153543-0234.jpg'],0,[],"[3.0, 546, 841, 0.0]",{}
748,['SNAP-153543-0234.jpg'],0,[],"[3.0, 108, 773, 0.0]",{}
749,['SNAP-153543-0234.jpg'],0,[],"[3.0, 887, 273, 0.0]",{}
750,['SNAP-153543-0234.jpg'],0,[],"[3.0, 490, 937, 0.0]",{}
751,['SNAP-153543-0234.jpg'],0,[],"[3.0, 383, 963, 0.0]",{}
752,['SNAP-153543-0234.jpg'],0,[],"[3.0, 1108, 731, 0.0]",{}
753,['SNAP-153543-0234.jpg'],0,[],"[3.0, 494, 708, 0.0]",{}
754,['SNAP-153611-0235.jpg'],0,[],"[3.0, 674, 245, 0.0]",{}
755,['SNAP-153611-0235.jpg'],0,[],"[3.0, 733, 142, 0.0]",{}
756,['SNAP-153611-0235.jpg'],0,[],"[3.0, 573, 95, 0.0]",{}
757,['SNAP-153611-0235.jpg'],0,[],"[3.0, 484, 634, 0.0]",{}
758,['SNAP-153611-0235.jpg'],0,[],"[3.0, 186, 916, 0.0]",{}
759,['SNAP-153611-0235.jpg'],0,[],"[3.0, 919, 295, 0.0]",{}
760,['SNAP-153625-0236.jpg'],0,[],"[3.0, 160, 843, 0.0]",{}
761,['SNAP-153625-0236.jpg'],0,[],"[3.0, 526, 97, 0.0]",{}
762,['SNAP-153625-0236.jpg'],0,[],"[3.0, 596, 186, 0.0]",{}
763,['SNAP-153625-0236.jpg'],0,[],"[3.0, 396, 628, 0.0]",{}
764,['SNAP-153625-0236.jpg'],0,[],"[3.0, 847, 928, 0.0]",{}
765,['SNAP-153625-0236.jpg'],0,[],"[3.0, 639, 673, 0.0]",{}
766,['SNAP-153625-0236.jpg'],0,[],"[3.0, 265, 716, 0.0]",{}
767,['SNAP-153625-0236.jpg'],0,[],"[3.0, 1057, 312, 0.0]",{}
768,['SNAP-153625-0236.jpg'],0,[],"[3.0, 405, 736, 0.0]",{}
769,['SNAP-153639-0237.jpg'],0,[],"[3.0, 1233, 110, 0.0]",{}
770,['SNAP-153639-0237.jpg'],0,[],"[3.0, 734, 558, 0.0]",{}
771,['SNAP-153639-0237.jpg'],0,[],"[3.0, 1046, 757, 0.0]",{}
772,['SNAP-153639-0237.jpg'],0,[],"[3.0, 753, 227, 0.0]",{}
773,['SNAP-153639-0237.jpg'],0,[],"[3.0, 1134, 808, 0.0]",{}
774,['SNAP-153650-0238.jpg'],0,[],"[3.0, 245, 813, 0.0]",{}
775,['SNAP-153650-0238.jpg'],0,[],"[3.0, 74, 859, 0.0]",{}
776,['SNAP-153650-0238.jpg'],0,[],"[3.0, 729, 880, 0.0]",{}
777,['SNAP-153702-0239.jpg'],0,[],"[3.0, 761, 724, 0.0]",{}
778,['SNAP-153702-0239.jpg'],0,[],"[3.0, 1021, 795, 0.0]",{}
779,['SNAP-153702-0239.jpg'],0,[],"[3.0, 105, 626, 0.0]",{}
780,['SNAP-153702-0239.jpg'],0,[],"[3.0, 377, 405, 0.0]",{}
781,['SNAP-153702-0239.jpg'],0,[],"[3.0, 497, 295, 0.0]",{}
782,['SNAP-153702-0239.jpg'],0,[],"[3.0, 1146, 135, 0.0]",{}
783,['SNAP-153713-0240.jpg'],0,[],"[3.0, 793, 838, 0.0]",{}
784,['SNAP-153713-0240.jpg'],0,[],"[3.0, 817, 838, 0.0]",{}
785,['SNAP-153713-0240.jpg'],0,[],"[3.0, 1053, 961, 0.0]",{}
786,['SNAP-153713-0240.jpg'],0,[],"[3.0, 716, 793, 0.0]",{}
787,['SNAP-153713-0240.jpg'],0,[],"[3.0, 77, 711, 0.0]",{}
788,['SNAP-153713-0240.jpg'],0,[],"[3.0, 565, 531, 0.0]",{}
789,['SNAP-153713-0240.jpg'],0,[],"[3.0, 86, 701, 0.0]",{}
790,['SNAP-153713-0240.jpg'],0,[],"[3.0, 886, 557, 0.0]",{}
791,['SNAP-153725-0241.jpg'],0,[],"[3.0, 1228, 330, 0.0]",{}
792,['SNAP-153725-0241.jpg'],0,[],"[3.0, 232, 853, 0.0]",{}
793,['SNAP-153725-0241.jpg'],0,[],"[3.0, 1193, 762, 0.0]",{}
794,['SNAP-153725-0241.jpg'],0,[],"[3.0, 1230, 681, 0.0]",{}
795,['SNAP-153738-0242.jpg'],0,[],"[3.0, 562, 404, 0.0]",{}
796,['SNAP-153738-0242.jpg'],0,[],"[3.0, 759, 625, 0.0]",{}
797,['SNAP-153738-0242.jpg'],0,[],"[3.0, 673, 256, 0.0]",{}
798,['SNAP-153738-0242.jpg'],0,[],"[3.0, 121, 458, 0.0]",{}
799,['SNAP-153738-0242.jpg'],0,[],"[3.0, 721, 837, 0.0]",{}
800,['SNAP-153750-0243.jpg'],0,[],"[3.0, 908, 545, 0.0]",{}
801,['SNAP-153750-0243.jpg'],0,[],"[3.0, 721, 954, 0.0]",{}
802,['SNAP-153750-0243.jpg'],0,[],"[3.0, 1139, 407, 0.0]",{}
803,['SNAP-153750-0243.jpg'],0,[],"[3.0, 222, 451, 0.0]",{}
804,['SNAP-153750-0243.jpg'],0,[],"[3.0, 643, 252, 0.0]",{}
805,['SNAP-153750-0243.jpg'],0,[],"[3.0, 131, 425, 0.0]",{}
806,['SNAP-153750-0243.jpg'],0,[],"[3.0, 821, 843, 0.0]",{}
807,['SNAP-153750-0243.jpg'],0,[],"[3.0, 848, 706, 0.0]",{}
808,['SNAP-153802-0244.jpg'],0,[],"[3.0, 296, 456, 0.0]",{}
809,['SNAP-153802-0244.jpg'],0,[],"[3.0, 176, 554, 0.0]",{}
810,['SNAP-153802-0244.jpg'],0,[],"[3.0, 1102, 99, 0.0]",{}
811,['SNAP-153816-0245.jpg'],0,[],"[3.0, 752, 393, 0.0]",{}
812,['SNAP-153816-0245.jpg'],0,[],"[3.0, 1189, 295, 0.0]",{}
813,['SNAP-153816-0245.jpg'],0,[],"[3.0, 353, 870, 0.0]",{}
814,['SNAP-153816-0245.jpg'],0,[],"[3.0, 549, 717, 0.0]",{}
815,['SNAP-153816-0245.jpg'],0,[],"[3.0, 1075, 235, 0.0]",{}
816,['SNAP-153816-0245.jpg'],0,[],"[3.0, 769, 437, 0.0]",{}
817,['SNAP-153816-0245.jpg'],0,[],"[3.0, 507, 652, 0.0]",{}
818,['SNAP-153816-0245.jpg'],0,[],"[3.0, 406, 838, 0.0]",{}
819,['SNAP-153830-0246.jpg'],0,[],"[3.0, 989, 648, 0.0]",{}
820,['SNAP-153830-0246.jpg'],0,[],"[3.0, 1181, 227, 0.0]",{}
821,['SNAP-153830-0246.jpg'],0,[],"[3.0, 586, 512, 0.0]",{}
822,['SNAP-153830-0246.jpg'],0,[],"[3.0, 861, 342, 0.0]",{}
823,['SNAP-153839-0247.jpg'],0,[],"[3.0, 867, 415, 0.0]",{}
824,['SNAP-153851-0248.jpg'],0,[],"[3.0, 845, 892, 0.0]",{}
825,['SNAP-153851-0248.jpg'],0,[],"[3.0, 773, 744, 0.0]",{}
826,['SNAP-153851-0248.jpg'],0,[],"[3.0, 431, 370, 0.0]",{}
827,['SNAP-153851-0248.jpg'],0,[],"[3.0, 577, 810, 0.0]",{}
828,['SNAP-153851-0248.jpg'],0,[],"[3.0, 179, 436, 0.0]",{}
829,['SNAP-153904-0249.jpg'],0,[],"[3.0, 484, 816, 0.0]",{}
830,['SNAP-153904-0249.jpg'],0,[],"[3.0, 162, 802, 0.0]",{}
831,['SNAP-153904-0249.jpg'],0,[],"[3.0, 1125, 467, 0.0]",{}
832,['SNAP-153904-0249.jpg'],0,[],"[3.0, 102, 766, 0.0]",{}
833,['SNAP-153904-0249.jpg'],0,[],"[3.0, 1176, 148, 0.0]",{}
834,['SNAP-153904-0249.jpg'],0,[],"[3.0, 991, 226, 0.0]",{}
835,['SNAP-153923-0250.jpg'],0,[],"[3.0, 554, 349, 0.0]",{}
836,['SNAP-153923-0250.jpg'],0,[],"[3.0, 944, 402, 0.0]",{}
837,['SNAP-153923-0250.jpg'],0,[],"[3.0, 257, 642, 0.0]",{}
838,['SNAP-153923-0250.jpg'],0,[],"[3.0, 896, 432, 0.0]",{}
839,['SNAP-153923-0250.jpg'],0,[],"[3.0, 527, 454, 0.0]",{}
840,['SNAP-153942-0251.jpg'],0,[],"[3.0, 507, 829, 0.0]",{}
841,['SNAP-153942-0251.jpg'],0,[],"[3.0, 123, 522, 0.0]",{}
842,['SNAP-153942-0251.jpg'],0,[],"[3.0, 712, 397, 0.0]",{}
843,['SNAP-153942-0251.jpg'],0,[],"[3.0, 819, 917, 0.0]",{}
844,['SNAP-153942-0251.jpg'],0,[],"[3.0, 346, 732, 0.0]",{}
845,['SNAP-153942-0251.jpg'],0,[],"[3.0, 709, 643, 0.0]",{}
846,['SNAP-153942-0251.jpg'],0,[],"[3.0, 562, 151, 0.0]",{}
847,['SNAP-154002-0252.jpg'],0,[],"[3.0, 724, 314, 0.0]",{}
848,['SNAP-154002-0252.jpg'],0,[],"[3.0, 618, 534, 0.0]",{}
849,['SNAP-154002-0252.jpg'],0,[],"[3.0, 1202, 931, 0.0]",{}
850,['SNAP-154002-0252.jpg'],0,[],"[3.0, 115, 431, 0.0]",{}
851,['SNAP-154002-0252.jpg'],0,[],"[3.0, 731, 525, 0.0]",{}
852,['SNAP-154002-0252.jpg'],0,[],"[3.0, 468, 852, 0.0]",{}
853,['SNAP-154002-0252.jpg'],0,[],"[3.0, 789, 496, 0.0]",{}
854,['SNAP-154125-0253.jpg'],0,[],"[3.0, 478, 548, 0.0]",{}
855,['SNAP-154125-0253.jpg'],0,[],"[3.0, 670, 745, 0.0]",{}
856,['SNAP-154125-0253.jpg'],0,[],"[3.0, 748, 764, 0.0]",{}
857,['SNAP-154147-0254.jpg'],0,[],"[3.0, 681, 680, 0.0]",{}
858,['SNAP-154147-0254.jpg'],0,[],"[3.0, 1172, 754, 0.0]",{}
859,['SNAP-154147-0254.jpg'],0,[],"[3.0, 979, 833, 0.0]",{}
860,['SNAP-154147-0254.jpg'],0,[],"[3.0, 84, 649, 0.0]",{}
861,['SNAP-154147-0254.jpg'],0,[],"[3.0, 911, 439, 0.0]",{}
862,['SNAP-154147-0254.jpg'],0,[],"[3.0, 991, 624, 0.0]",{}
863,['SNAP-154147-0254.jpg'],0,[],"[3.0, 942, 924, 0.0]",{}
864,['SNAP-154147-0254.jpg'],0,[],"[3.0, 541, 554, 0.0]",{}
865,['SNAP-154202-0255.jpg'],0,[],"[3.0, 509, 677, 0.0]",{}
866,['SNAP-154202-0255.jpg'],0,[],"[3.0, 926, 686, 0.0]",{}
867,['SNAP-154202-0255.jpg'],0,[],"[3.0, 380, 665, 0.0]",{}
868,['SNAP-154202-0255.jpg'],0,[],"[3.0, 265, 912, 0.0]",{}
869,['SNAP-154213-0256.jpg'],0,[],"[3.0, 438, 260, 0.0]",{}
870,['SNAP-154213-0256.jpg'],0,[],"[3.0, 241, 846, 0.0]",{}
871,['SNAP-154213-0256.jpg'],0,[],"[3.0, 490, 750, 0.0]",{}
872,['SNAP-154213-0256.jpg'],0,[],"[3.0, 305, 600, 0.0]",{}
873,['SNAP-154213-0256.jpg'],0,[],"[3.0, 911, 85, 0.0]",{}
874,['SNAP-154231-0257.jpg'],0,[],"[3.0, 996, 338, 0.0]",{}
875,['SNAP-154231-0257.jpg'],0,[],"[3.0, 564, 248, 0.0]",{}
876,['SNAP-154231-0257.jpg'],0,[],"[3.0, 592, 960, 0.0]",{}
877,['SNAP-154231-0257.jpg'],0,[],"[3.0, 449, 649, 0.0]",{}
878,['SNAP-154231-0257.jpg'],0,[],"[3.0, 889, 618, 0.0]",{}
879,['SNAP-154231-0257.jpg'],0,[],"[3.0, 146, 508, 0.0]",{}
880,['SNAP-154246-0258.jpg'],0,[],"[3.0, 99, 554, 0.0]",{}
881,['SNAP-154246-0258.jpg'],0,[],"[3.0, 487, 248, 0.0]",{}
882,['SNAP-154246-0258.jpg'],0,[],"[3.0, 263, 635, 0.0]",{}
883,['SNAP-154246-0258.jpg'],0,[],"[3.0, 359, 803, 0.0]",{}
884,['SNAP-154246-0258.jpg'],0,[],"[3.0, 1068, 109, 0.0]",{}
885,['SNAP-154246-0258.jpg'],0,[],"[3.0, 604, 763, 0.0]",{}
886,['SNAP-154246-0258.jpg'],0,[],"[3.0, 903, 512, 0.0]",{}
887,['SNAP-154246-0258.jpg'],0,[],"[3.0, 1177, 134, 0.0]",{}
888,['SNAP-154300-0259.jpg'],0,[],"[3.0, 551, 121, 0.0]",{}
889,['SNAP-154300-0259.jpg'],0,[],"[3.0, 990, 86, 0.0]",{}
890,['SNAP-154300-0259.jpg'],0,[],"[3.0, 96, 848, 0.0]",{}
891,['SNAP-154300-0259.jpg'],0,[],"[3.0, 632, 391, 0.0]",{}
892,['SNAP-154300-0259.jpg'],0,[],"[3.0, 860, 237, 0.0]",{}
893,['SNAP-154300-0259.jpg'],0,[],"[3.0, 636, 163, 0.0]",{}
894,['SNAP-154300-0259.jpg'],0,[],"[3.0, 436, 941, 0.0]",{}
895,['SNAP-154300-0259.jpg'],0,[],"[3.0, 682, 392, 0.0]",{}
896,['SNAP-154320-0260.jpg'],0,[],"[3.0, 985, 423, 0.0]",{}
897,['SNAP-154320-0260.jpg'],0,[],"[3.0, 1109, 301, 0.0]",{}
898,['SNAP-154320-0260.jpg'],0,[],"[3.0, 314, 854, 0.0]",{}
899,['SNAP-154332-0261.jpg'],0,[],"[3.0, 426, 284, 0.0]",{}
900,['SNAP-154332-0261.jpg'],0,[],"[3.0, 1181, 871, 0.0]",{}
901,['SNAP-154332-0261.jpg'],0,[],"[3.0, 906, 354, 0.0]",{}
902,['SNAP-154332-0261.jpg'],0,[],"[3.0, 787, 198, 0.0]",{}
903,['SNAP-154350-0262.jpg'],0,[],"[3.0, 650, 445, 0.0]",{}
904,['SNAP-154350-0262.jpg'],0,[],"[3.0, 224, 550, 0.0]",{}
905,['SNAP-154350-0262.jpg'],0,[],"[3.0, 458, 120, 0.0]",{}
906,['SNAP-154359-0263.jpg'],0,[],"[3.0, 496, 763, 0.0]",{}
907,['SNAP-154359-0263.jpg'],0,[],"[3.0, 948, 176, 0.0]",{}
908,['SNAP-154359-0263.jpg'],0,[],"[3.0, 1196, 346, 0.0]",{}
909,['SNAP-154359-0263.jpg'],0,[],"[3.0, 1146, 861, 0.0]",{}
910,['SNAP-154359-0263.jpg'],0,[],"[3.0, 443, 197, 0.0]",{}
911,['SNAP-154359-0263.jpg'],0,[],"[3.0, 1146, 576, 0.0]",{}
912,['SNAP-154947-0265.jpg'],0,[],"[3.0, 897, 203, 0.0]",{}
913,['SNAP-160120-0268.jpg'],0,[],"[3.0, 457, 235, 0.0]",{}
914,['SNAP-160151-0269.jpg'],0,[],"[3.0, 430, 448, 0.0]",{}
915,['SNAP-161127-0270.jpg'],0,[],"[3.0, 477, 428, 0.0]",{}
916,['SNAP-161216-0271.jpg'],0,[],"[3.0, 871, 504, 0.0]",{}
917,['SNAP-161243-0272.jpg'],0,[],"[3.0, 960, 731, 0.0]",{}
918,['SNAP-161600-0273.jpg'],0,[],"[3.0, 1234, 844, 0.0]",{}
919,['SNAP-161600-0273.jpg'],0,[],"[3.0, 1068, 427, 0.0]",{}
920,['SNAP-161600-0273.jpg'],0,[],"[3.0, 631, 372, 0.0]",{}
921,['SNAP-161624-0274.jpg'],0,[],"[3.0, 423, 560, 0.0]",{}
922,['SNAP-161624-0274.jpg'],0,[],"[3.0, 406, 186, 0.0]",{}
923,['SNAP-161624-0274.jpg'],0,[],"[3.0, 1184, 737, 0.0]",{}
924,['SNAP-162413-0275.jpg'],0,[],"[3.0, 747, 920, 0.0]",{}
925,['SNAP-162423-0276.jpg'],0,[],"[3.0, 903, 808, 0.0]",{}
926,['SNAP-162455-0277.jpg'],0,[],"[3.0, 68, 766, 0.0]",{}
927,['SNAP-162517-0278.jpg'],0,[],"[3.0, 1062, 433, 0.0]",{}
928,['SNAP-162517-0278.jpg'],0,[],"[3.0, 258, 634, 0.0]",{}
929,['SNAP-162529-0279.jpg'],0,[],"[3.0, 908, 388, 0.0]",{}
930,['SNAP-162540-0280.jpg'],0,[],"[3.0, 796, 745, 0.0]",{}
931,['SNAP-162548-0281.jpg'],0,[],"[3.0, 821, 408, 0.0]",{}
932,['SNAP-162548-0281.jpg'],0,[],"[3.0, 538, 440, 0.0]",{}
933,['SNAP-162557-0282.jpg'],0,[],"[3.0, 435, 842, 0.0]",{}
934,['SNAP-162557-0282.jpg'],0,[],"[3.0, 728, 938, 0.0]",{}
935,['SNAP-162638-0283.jpg'],0,[],"[3.0, 781, 183, 0.0]",{}
936,['SNAP-162658-0284.jpg'],0,[],"[3.0, 486, 274, 0.0]",{}
937,['SNAP-162717-0285.jpg'],0,[],"[3.0, 387, 608, 0.0]",{}
938,['SNAP-162724-0286.jpg'],0,[],"[3.0, 94, 853, 0.0]",{}
939,['SNAP-162724-0286.jpg'],0,[],"[3.0, 614, 105, 0.0]",{}
940,['SNAP-162743-0287.jpg'],0,[],"[3.0, 100, 425, 0.0]",{}
941,['SNAP-162743-0287.jpg'],0,[],"[3.0, 881, 794, 0.0]",{}
942,['SNAP-162743-0287.jpg'],0,[],"[3.0, 603, 117, 0.0]",{}
943,['SNAP-162756-0288.jpg'],0,[],"[3.0, 331, 409, 0.0]",{}
944,['SNAP-162756-0288.jpg'],0,[],"[3.0, 788, 893, 0.0]",{}
945,['SNAP-162756-0288.jpg'],0,[],"[3.0, 1039, 535, 0.0]",{}
946,['SNAP-162808-0289.jpg'],0,[],"[3.0, 398, 697, 0.0]",{}
947,['SNAP-162808-0289.jpg'],0,[],"[3.0, 1063, 919, 0.0]",{}
948,['SNAP-162817-0290.jpg'],0,[],"[3.0, 528, 238, 0.0]",{}
949,['SNAP-162828-0291.jpg'],0,[],"[3.0, 1015, 135, 0.0]",{}
950,['SNAP-162828-0291.jpg'],0,[],"[3.0, 1073, 829, 0.0]",{}
951,['SNAP-162835-0292.jpg'],0,[],"[3.0, 1092, 811, 0.0]",{}
952,['SNAP-162908-0293.jpg'],0,[],"[3.0, 1044, 875, 0.0]",{}
953,['SNAP-162908-0293.jpg'],0,[],"[3.0, 218, 533, 0.0]",{}
954,['SNAP-162908-0293.jpg'],0,[],"[3.0, 761, 358, 0.0]",{}
955,['SNAP-162951-0294.jpg'],0,[],"[3.0, 738, 702, 0.0]",{}
956,['SNAP-163019-0295.jpg'],0,[],"[3.0, 867, 518, 0.0]",{}
957,['SNAP-163019-0295.jpg'],0,[],"[3.0, 315, 962, 0.0]",{}
958,['SNAP-163019-0295.jpg'],0,[],"[3.0, 954, 281, 0.0]",{}
959,['SNAP-163112-0296.jpg'],0,[],"[3.0, 1117, 897, 0.0]",{}
960,['SNAP-163112-0296.jpg'],0,[],"[3.0, 927, 461, 0.0]",{}
961,['SNAP-163400-0297.jpg'],0,[],"[3.0, 865, 396, 0.0]",{}
962,['SNAP-163418-0298.jpg'],0,[],"[3.0, 893, 783, 0.0]",{}
963,['SNAP-163418-0298.jpg'],0,[],"[3.0, 659, 267, 0.0]",{}
964,['SNAP-163418-0298.jpg'],0,[],"[3.0, 599, 724, 0.0]",{}
965,['SNAP-163447-0299.jpg'],0,[],"[3.0, 962, 114, 0.0]",{}
966,['SNAP-163512-0300.jpg'],0,[],"[3.0, 309, 661, 0.0]",{}
967,['SNAP-163512-0300.jpg'],0,[],"[3.0, 675, 686, 0.0]",{}
968,['SNAP-163512-0300.jpg'],0,[],"[3.0, 1010, 588, 0.0]",{}
969,['SNAP-163521-0301.jpg'],0,[],"[3.0, 910, 786, 0.0]",{}
970,['SNAP-163623-0302.jpg'],0,[],"[3.0, 547, 861, 0.0]",{}
971,['SNAP-163728-0303.jpg'],0,[],"[3.0, 762, 79, 0.0]",{}
972,['SNAP-163803-0304.jpg'],0,[],"[3.0, 890, 949, 0.0]",{}
973,['SNAP-163815-0305.jpg'],0,[],"[3.0, 1151, 373, 0.0]",{}
974,['SNAP-163848-0306.jpg'],0,[],"[3.0, 453, 850, 0.0]",{}
975,['SNAP-163916-0307.jpg'],0,[],"[3.0, 651, 252, 0.0]",{}
976,['SNAP-163935-0308.jpg'],0,[],"[3.0, 1180, 612, 0.0]",{}
977,['SNAP-164007-0309.jpg'],0,[],"[3.0, 641, 299, 0.0]",{}
978,['SNAP-170539-0311.jpg'],0,[],"[3.0, 1000, 352, 0.0]",{}
979,['SNAP-171032-0313.jpg'],0,[],"[3.0, 1071, 208, 0.0]",{}
980,['SNAP-171043-0314.jpg'],0,[],"[3.0, 705, 229, 0.0]",{}
981,['SNAP-171509-0315.jpg'],0,[],"[3.0, 873, 169, 0.0]",{}
982,['SNAP-172510-0316.jpg'],0,[],"[3.0, 937, 507, 0.0]",{}
983,['SNAP-172520-0317.jpg'],0,[],"[3.0, 1154, 304, 0.0]",{}
984,['SNAP-172520-0317.jpg'],0,[],"[3.0, 1153, 129, 0.0]",{}
985,['SNAP-172520-0317.jpg'],0,[],"[3.0, 1017, 942, 0.0]",{}
986,['SNAP-172520-0317.jpg'],0,[],"[3.0, 443, 802, 0.0]",{}
987,['SNAP-172544-0318.jpg'],0,[],"[3.0, 1110, 459, 0.0]",{}
988,['SNAP-172555-0319.jpg'],0,[],"[3.0, 709, 354, 0.0]",{}
989,['SNAP-172607-0320.jpg'],0,[],"[3.0, 792, 200, 0.0]",{}
990,['SNAP-172607-0320.jpg'],0,[],"[3.0, 711, 614, 0.0]",{}
991,['SNAP-172618-0321.jpg'],0,[],"[3.0, 892, 780, 0.0]",{}
992,['SNAP-172644-0322.jpg'],0,[],"[3.0, 738, 237, 0.0]",{}
993,['SNAP-172644-0322.jpg'],0,[],"[3.0, 1032, 314, 0.0]",{}
994,['SNAP-172644-0322.jpg'],0,[],"[3.0, 799, 118, 0.0]",{}
995,['SNAP-172644-0322.jpg'],0,[],"[3.0, 517, 613, 0.0]",{}
996,['SNAP-172650-0323.jpg'],0,[],"[3.0, 367, 761, 0.0]",{}
997,['SNAP-172650-0323.jpg'],0,[],"[3.0, 928, 641, 0.0]",{}
998,['SNAP-172658-0324.jpg'],0,[],"[3.0, 563, 357, 0.0]",{}
999,['SNAP-172740-0325.jpg'],0,[],"[3.0, 601, 399, 0.0]",{}
1000,['SNAP-172740-0325.jpg'],0,[],"[3.0, 806, 310, 0.0]",{}
1001,['SNAP-172740-0325.jpg'],0,[],"[3.0, 768, 198, 0.0]",{}
1002,['SNAP-172816-0326.jpg'],0,[],"[3.0, 78, 452, 0.0]",{}
1003,['SNAP-172816-0326.jpg'],0,[],"[3.0, 849, 303, 0.0]",{}
1004,['SNAP-172850-0327.jpg'],0,[],"[3.0, 1207, 629, 0.0]",{}
1005,['SNAP-172850-0327.jpg'],0,[],"[3.0, 417, 349, 0.0]",{}
1006,['SNAP-172911-0328.jpg'],0,[],"[3.0, 809, 415, 0.0]",{}
1007,['SNAP-172911-0328.jpg'],0,[],"[3.0, 478, 952, 0.0]",{}
1008,['SNAP-172925-0329.jpg'],0,[],"[3.0, 978, 367, 0.0]",{}
1009,['SNAP-172925-0329.jpg'],0,[],"[3.0, 766, 901, 0.0]",{}
1010,['SNAP-172941-0330.jpg'],0,[],"[3.0, 192, 494, 0.0]",{}
1011,['SNAP-173010-0331.jpg'],0,[],"[3.0, 1124, 154, 0.0]",{}
1012,['SNAP-173023-0332.jpg'],0,[],"[3.0, 751, 87, 0.0]",{}
1013,['SNAP-173023-0332.jpg'],0,[],"[3.0, 458, 148, 0.0]",{}
1014,['SNAP-173034-0333.jpg'],0,[],"[3.0, 1085, 125, 0.0]",{}
1015,['SNAP-173055-0334.jpg'],0,[],"[3.0, 1228, 257, 0.0]",{}
1016,['SNAP-173055-0334.jpg'],0,[],"[3.0, 417, 775, 0.0]",{}
1017,['SNAP-173110-0335.jpg'],0,[],"[3.0, 256, 705, 0.0]",{}
1018,['SNAP-173110-0335.jpg'],0,[],"[3.0, 308, 418, 0.0]",{}
1019,['SNAP-173110-0335.jpg'],0,[],"[3.0, 385, 874, 0.0]",{}
1020,['SNAP-173126-0336.jpg'],0,[],"[3.0, 336, 946, 0.0]",{}
1021,['SNAP-173126-0336.jpg'],0,[],"[3.0, 552, 681, 0.0]",{}
1022,['SNAP-173138-0337.jpg'],0,[],"[3.0, 1054, 78, 0.0]",{}
1023,['SNAP-173201-0338.jpg'],0,[],"[3.0, 980, 217, 0.0]",{}
1024,['SNAP-173444-0339.jpg'],0,[],"[3.0, 490, 417, 0.0]",{}
1025,['SNAP-173506-0340.jpg'],0,[],"[3.0, 508, 368, 0.0]",{}
1026,['SNAP-173516-0341.jpg'],0,[],"[3.0, 965, 65, 0.0]",{}
1027,['SNAP-173531-0342.jpg'],0,[],"[3.0, 547, 597, 0.0]",{}
1028,['SNAP-173531-0342.jpg'],0,[],"[3.0, 1079, 328, 0.0]",{}
1029,['SNAP-173543-0343.jpg'],0,[],"[3.0, 703, 770, 0.0]",{}
1030,['SNAP-173551-0344.jpg'],0,[],"[3.0, 615, 709, 0.0]",{}
1031,['SNAP-173551-0344.jpg'],0,[],"[3.0, 1121, 112, 0.0]",{}
1032,['SNAP-173557-0345.jpg'],0,[],"[3.0, 404, 476, 0.0]",{}
1033,['SNAP-173612-0346.jpg'],0,[],"[3.0, 416, 692, 0.0]",{}
1034,['SNAP-173612-0346.jpg'],0,[],"[3.0, 317, 700, 0.0]",{}
1035,['SNAP-173619-0347.jpg'],0,[],"[3.0, 226, 658, 0.0]",{}
1036,['SNAP-173640-0348.jpg'],0,[],"[3.0, 645, 301, 0.0]",{}
1037,['SNAP-173640-0348.jpg'],0,[],"[3.0, 830, 761, 0.0]",{}
1038,['SNAP-173648-0349.jpg'],0,[],"[3.0, 1136, 950, 0.0]",{}
1039,['SNAP-173648-0349.jpg'],0,[],"[3.0, 1029, 887, 0.0]",{}
1040,['SNAP-173710-0350.jpg'],0,[],"[3.0, 972, 949, 0.0]",{}
1041,['SNAP-173710-0350.jpg'],0,[],"[3.0, 495, 188, 0.0]",{}
1042,['SNAP-173718-0351.jpg'],0,[],"[3.0, 836, 706, 0.0]",{}
1043,['SNAP-173718-0351.jpg'],0,[],"[3.0, 243, 672, 0.0]",{}
1044,['SNAP-173725-0352.jpg'],0,[],"[3.0, 740, 438, 0.0]",{}
1045,['SNAP-173725-0352.jpg'],0,[],"[3.0, 999, 444, 0.0]",{}
1046,['SNAP-173725-0352.jpg'],0,[],"[3.0, 546, 767, 0.0]",{}
1047,['SNAP-173733-0353.jpg'],0,[],"[3.0, 311, 651, 0.0]",{}
1048,['SNAP-173733-0353.jpg'],0,[],"[3.0, 871, 903, 0.0]",{}
1049,['SNAP-173800-0354.jpg'],0,[],"[3.0, 136, 663, 0.0]",{}
1050,['SNAP-173800-0354.jpg'],0,[],"[3.0, 1144, 324, 0.0]",{}
1051,['SNAP-173831-0355.jpg'],0,[],"[3.0, 476, 579, 0.0]",{}
1052,['SNAP-173849-0356.jpg'],0,[],"[3.0, 1062, 187, 0.0]",{}
1053,['SNAP-173849-0356.jpg'],0,[],"[3.0, 819, 247, 0.0]",{}
1054,['SNAP-173901-0357.jpg'],0,[],"[3.0, 491, 612, 0.0]",{}
1055,['SNAP-173915-0358.jpg'],0,[],"[3.0, 1112, 507, 0.0]",{}
1056,['SNAP-173915-0358.jpg'],0,[],"[3.0, 859, 740, 0.0]",{}
1057,['SNAP-173941-0359.jpg'],0,[],"[3.0, 1191, 361, 0.0]",{}
1058,['SNAP-174001-0360.jpg'],0,[],"[3.0, 348, 406, 0.0]",{}
1059,['SNAP-174001-0360.jpg'],0,[],"[3.0, 222, 505, 0.0]",{}
1060,['SNAP-174547-0362.jpg'],0,[],"[3.0, 732, 663, 0.0]",{}
1061,['SNAP-174808-0363.jpg'],0,[],"[3.0, 607, 414, 0.0]",{}
